121.5908	24.0232	2021	04	07	1.83	30.66	12	15	22
121.4622	23.847	2021	04	07	4.94	17.38	13	19	36
121.6527	23.9435	2021	04	07	3.21	43.61	16	35	02
121.664	24.042	2021	04	07	1.95	48.68	21	50	52
121.5298	23.5713	2021	04	08	1.04	20.07	11	11	48
121.623	24.1037	2021	04	09	2.18	34.13	03	31	22
121.6872	24.2673	2021	04	09	2.55	29.01	07	40	15
121.6788	24.2628	2021	04	09	2.33	32.43	07	41	49
121.7028	24.276	2021	04	09	3.79	29.67	08	10	53
121.6962	24.2782	2021	04	09	2.92	28.39	08	41	43
121.572	24.132	2021	04	09	2.56	18.75	09	05	21
121.6858	24.076	2021	04	09	3.58	42.96	20	01	38
121.6673	24.0833	2021	04	10	3.18	44.69	01	10	09
121.5045	23.9673	2021	04	10	1.8	48.44	01	28	52
121.6655	23.8985	2021	04	10	2.02	40.36	15	06	16
121.4913	24.0063	2021	04	10	1.84	38.79	15	17	07
121.6457	24.0697	2021	04	10	2.12	46.56	21	29	48
121.477	23.8703	2021	04	11	2.28	14.44	01	04	28
121.6867	24.1025	2021	04	11	2.27	46.87	04	44	40
121.4592	23.8673	2021	04	11	2.76	18.35	12	11	15
121.5572	23.9557	2021	04	11	2.05	36.82	16	17	07
121.6665	23.85	2021	04	11	2.15	40.96	19	36	19
121.6798	24.0058	2021	04	12	4.09	30.17	01	08	08
121.418	23.8117	2021	04	12	2.65	25.75	01	55	21
121.59	24.1685	2021	04	12	2.53	13.8	03	12	58
121.4658	23.656	2021	04	12	1.56	18.59	11	38	56
121.4417	23.7987	2021	04	12	1.38	8.03	16	51	56
121.7262	24.2485	2021	04	13	2.43	14.71	01	04	43
121.456	23.8152	2021	04	13	2.5	11.85	10	18	21
121.45	23.8125	2021	04	13	1.4	11.68	10	18	56
121.598	23.5763	2021	04	13	2.85	38.01	13	21	22
121.7102	24.2445	2021	04	13	2.12	45.84	14	59	56
121.268	23.672	2021	04	13	1.17	12.9	20	34	48
121.6292	23.8568	2021	04	14	2.08	46.72	02	22	50
121.691	23.8895	2021	04	14	2.05	31.17	04	02	36
121.425	23.9122	2021	04	14	1.3	13.96	04	03	34
121.5815	23.9372	2021	04	14	2.97	8.26	12	13	49
121.486	24.1425	2021	04	14	2.72	5.58	17	14	36
121.6317	24.0792	2021	04	15	1.7	9.62	00	26	28
121.3098	23.4693	2021	04	15	2.18	11.87	17	46	16
121.7213	23.6883	2021	04	15	2.43	31.19	18	39	31
121.5447	23.4787	2021	04	15	2.25	36.28	21	47	28
121.5998	24.183	2021	04	16	2.42	18.61	00	48	26
121.5762	23.5155	2021	04	16	1.95	41.95	04	25	01
121.5188	24.057	2021	04	16	3.66	19.1	08	58	11
121.6137	24.0827	2021	04	16	1.21	8.09	19	03	07
121.541	23.9312	2021	04	17	1.54	42.27	05	15	12
121.627	23.7665	2021	04	17	1.82	33.25	06	48	31
121.53	23.562	2021	04	17	2.4	33.3	09	11	47
121.7055	23.617	2021	04	17	2.52	32.76	20	19	39
121.7043	24.144	2021	04	17	2.7	8.21	22	41	04
121.7077	23.8092	2021	04	18	2.1	44.13	06	18	07
121.4932	23.5088	2021	04	18	1.3	24.11	12	14	49
121.4847	23.8712	2021	04	18	5.8	16.3	14	11	39
121.4423	23.8852	2021	04	18	4.58	13.47	14	11	58
121.3863	23.9002	2021	04	18	3.82	13.07	14	12	28
121.4687	23.884	2021	04	18	2.74	16.12	14	14	29
121.48	23.8592	2021	04	18	6.26	14.42	14	14	37
121.4235	23.8278	2021	04	18	3.89	12.15	14	16	07
121.4453	23.8697	2021	04	18	3.74	15.43	14	17	02
121.47	23.8052	2021	04	18	3.54	10.64	14	18	01
121.4328	23.8378	2021	04	18	2.71	11.43	14	18	20
121.4203	23.8878	2021	04	18	2.56	11.66	14	19	46
121.4327	23.8247	2021	04	18	2.2	11.44	14	19	59
121.4727	23.8038	2021	04	18	3.29	11.68	14	20	05
121.4448	23.8922	2021	04	18	2.76	14.8	14	20	38
121.4247	23.8458	2021	04	18	1.93	11.45	14	20	58
121.4388	23.8752	2021	04	18	2.48	12.08	14	21	03
121.4365	23.8095	2021	04	18	2.46	12.5	14	21	16
121.4503	23.8775	2021	04	18	2.98	16.83	14	21	28
121.4435	23.8227	2021	04	18	2.29	13.16	14	21	52
121.4625	23.8787	2021	04	18	2.58	16.65	14	22	03
121.4563	23.7552	2021	04	18	1.98	12.43	14	23	06
121.4365	23.8005	2021	04	18	1.93	13.97	14	23	19
121.4543	23.871	2021	04	18	1.96	13.87	14	23	27
121.4657	23.8063	2021	04	18	2.82	10.66	14	23	29
121.465	23.8773	2021	04	18	2.63	14.15	14	23	54
121.4448	23.7852	2021	04	18	1.67	7.43	14	24	06
121.4475	23.8698	2021	04	18	1.96	16.25	14	24	43
121.4345	23.8727	2021	04	18	1.78	10.43	14	24	58
121.449	23.8225	2021	04	18	1.23	12.1	14	25	10
121.4898	23.8082	2021	04	18	1.34	11.93	14	25	18
121.4493	23.7845	2021	04	18	1.1	7.21	14	25	30
121.4575	23.8842	2021	04	18	2.28	15.73	14	25	33
121.4582	23.8782	2021	04	18	2.19	14.49	14	25	43
121.4518	23.8033	2021	04	18	1.02	9.59	14	26	00
121.465	23.8028	2021	04	18	2.22	12.72	14	26	04
121.4465	23.8087	2021	04	18	1.64	12.42	14	26	21
121.4332	23.8695	2021	04	18	1.49	14.48	14	26	38
121.4547	23.8013	2021	04	18	1.83	10.09	14	27	03
121.4567	23.847	2021	04	18	1.6	9.89	14	27	39
121.431	23.8057	2021	04	18	1.28	7.91	14	27	49
121.4363	23.8072	2021	04	18	1.66	9.86	14	27	52
121.4667	23.8775	2021	04	18	2.49	14.86	14	28	05
121.4328	23.8698	2021	04	18	1.44	14.55	14	28	31
121.4673	23.803	2021	04	18	1.63	12.95	14	28	50
121.4687	23.864	2021	04	18	1.1	15.24	14	29	00
121.4303	23.8007	2021	04	18	1.54	11.08	14	29	14
121.4587	23.8532	2021	04	18	1.39	11.25	14	29	26
121.44	23.805	2021	04	18	1.43	10.67	14	29	34
121.4573	23.8223	2021	04	18	1.82	14.57	14	29	45
121.4495	23.8022	2021	04	18	1.56	12.4	14	30	07
121.453	23.8517	2021	04	18	1.53	12.27	14	30	55
121.4603	23.7697	2021	04	18	1.77	10.59	14	31	21
121.4538	23.8327	2021	04	18	1.84	12.44	14	31	46
121.441	23.8107	2021	04	18	1.56	14.75	14	32	10
121.4533	23.8538	2021	04	18	1.19	11.43	14	32	20
121.4755	23.8615	2021	04	18	1.12	8.76	14	32	30
121.374	23.8527	2021	04	18	1.49	17.52	14	32	35
121.4367	23.8312	2021	04	18	1.59	16.25	14	33	29
121.4333	23.878	2021	04	18	1.27	12.71	14	34	29
121.4445	23.8223	2021	04	18	1.47	11.88	14	34	42
121.4808	23.8365	2021	04	18	2.87	12.03	14	36	28
121.4668	23.7977	2021	04	18	2.03	10.16	14	37	49
121.4385	23.808	2021	04	18	1.04	10.76	14	39	01
121.4488	23.881	2021	04	18	1.76	17.64	14	39	09
121.4502	23.8522	2021	04	18	1.08	11.7	14	39	22
121.4327	23.8178	2021	04	18	1.57	15.7	14	39	48
121.4478	23.8298	2021	04	18	1.49	12.15	14	40	36
121.4518	23.7935	2021	04	18	1.42	13.94	14	40	41
121.4467	23.8092	2021	04	18	1.31	12.25	14	41	25
121.4463	23.8273	2021	04	18	2.65	14.64	14	41	50
121.4647	23.8758	2021	04	18	1.8	14.63	14	43	03
121.4518	23.8377	2021	04	18	1.85	11.74	14	44	09
121.4692	23.7733	2021	04	18	1.33	10.46	14	44	44
121.4408	23.8698	2021	04	18	1.21	14.34	14	45	03
121.4502	23.8237	2021	04	18	1.05	13.18	14	46	03
121.4525	23.8265	2021	04	18	2.8	14.72	14	46	25
121.4448	23.8567	2021	04	18	1.22	11.24	14	47	16
121.4517	23.8473	2021	04	18	1.41	11.53	14	47	53
121.4465	23.8803	2021	04	18	2.11	15.78	14	47	58
121.4523	23.8093	2021	04	18	1.85	12.57	14	49	52
121.4818	23.8458	2021	04	18	2.73	12.08	14	50	19
121.4245	23.8302	2021	04	18	1.6	12.12	14	50	37
121.4568	23.773	2021	04	18	1.26	7.99	14	50	49
121.4267	23.8107	2021	04	18	1.17	13.3	14	52	57
121.4443	23.8683	2021	04	18	1.37	13.37	14	53	34
121.4552	23.8388	2021	04	18	1.69	11.99	14	57	21
121.4558	23.8582	2021	04	18	1.25	12.05	14	57	38
121.4558	23.8403	2021	04	18	1.45	12.21	14	57	42
121.426	23.8202	2021	04	18	1.18	13.33	15	02	37
121.4555	23.8315	2021	04	18	2.25	11.97	15	03	24
121.4645	23.8603	2021	04	18	2.08	9.86	15	03	33
121.4353	23.7807	2021	04	18	1.81	10.46	15	03	44
121.4382	23.8263	2021	04	18	1.26	12.61	15	04	40
121.466	23.8017	2021	04	18	2.37	11.27	15	05	09
121.371	23.8467	2021	04	18	1.25	6.44	15	05	23
121.4247	23.825	2021	04	18	1.51	10.65	15	08	35
121.457	23.8427	2021	04	18	1.78	11.54	15	08	46
121.4572	23.8023	2021	04	18	1.78	12.14	15	09	07
121.4597	23.8232	2021	04	18	1.35	9.85	15	09	41
121.4602	23.8387	2021	04	18	1.26	11.26	15	10	12
121.4575	23.8672	2021	04	18	1.98	13.68	15	10	17
121.4507	23.81	2021	04	18	1.6	11.69	15	10	25
121.4542	23.8225	2021	04	18	2.96	14.05	15	11	08
121.4695	23.8378	2021	04	18	2.5	14.71	15	17	34
121.4625	23.8452	2021	04	18	1.25	12.18	15	18	06
121.4837	23.871	2021	04	18	1.83	16.58	15	20	57
121.4533	23.8483	2021	04	18	1.77	11.47	15	21	26
121.4445	23.84	2021	04	18	1.45	11.95	15	21	49
121.4563	23.8428	2021	04	18	1.42	12.45	15	22	32
121.4457	23.8077	2021	04	18	1.08	12.68	15	23	20
121.4345	23.8903	2021	04	18	1.69	15.97	15	23	27
121.4382	23.878	2021	04	18	1.26	14.34	15	25	09
121.4595	23.877	2021	04	18	1.25	11.33	15	25	18
121.4142	23.855	2021	04	18	1.09	15.2	15	26	27
121.4497	23.7882	2021	04	18	1.22	10.08	15	27	50
121.4438	23.8317	2021	04	18	1.24	12.39	15	30	15
121.476	23.8883	2021	04	18	1.17	9.71	15	31	13
121.4513	23.8105	2021	04	18	2.12	12.79	15	32	13
121.4402	23.7985	2021	04	18	1.43	12.74	15	32	39
121.4485	23.8845	2021	04	18	1.27	14.55	15	33	28
121.4757	23.8518	2021	04	18	2.69	11.85	15	37	20
121.4795	23.8782	2021	04	18	1.49	16.3	15	38	58
121.4605	23.842	2021	04	18	1.41	13.21	15	40	02
121.4527	23.801	2021	04	18	1.21	12.84	15	41	56
121.4762	23.8083	2021	04	18	2.47	7.28	15	44	29
121.4522	23.8102	2021	04	18	1.68	12.68	15	47	58
121.4453	23.8367	2021	04	18	1.32	11.66	15	49	06
121.4675	23.8302	2021	04	18	1.24	10.19	15	51	08
121.4703	23.798	2021	04	18	1.95	8.4	15	54	18
121.4685	23.8477	2021	04	18	1.34	9.77	15	54	49
121.4532	23.81	2021	04	18	1.06	9.67	15	56	43
121.4475	23.7935	2021	04	18	2.09	14.24	15	59	37
121.4622	23.8342	2021	04	18	2.04	12.48	16	00	26
121.4485	23.8448	2021	04	18	1.27	11.84	16	01	03
121.4327	23.8078	2021	04	18	1.06	12.5	16	02	01
121.4537	23.8392	2021	04	18	1.57	12.25	16	02	13
121.4725	23.8062	2021	04	18	2.19	7.95	16	02	33
121.4497	23.816	2021	04	18	1.09	10.24	16	02	43
121.4718	23.8403	2021	04	18	2.23	11.75	16	04	02
121.4562	23.8363	2021	04	18	1.62	11.88	16	04	13
121.462	23.8947	2021	04	18	2.55	17.55	16	06	11
121.4315	23.8377	2021	04	18	1.5	10.9	16	07	24
121.5283	23.7458	2021	04	18	2.1	8.63	16	10	15
121.4602	23.8482	2021	04	18	1.2	10.81	16	13	21
121.439	23.8133	2021	04	18	1.47	15.13	16	14	02
121.439	23.8895	2021	04	18	1.22	15.8	16	14	27
121.5493	23.7772	2021	04	18	2.22	8.2	16	17	21
121.5327	23.7622	2021	04	18	1.88	6.93	16	17	29
121.4828	23.838	2021	04	18	1.67	13.28	16	18	08
121.439	23.8245	2021	04	18	1.73	15.67	16	23	24
121.4675	23.843	2021	04	18	1.72	14.51	16	24	45
121.4518	23.8348	2021	04	18	1.55	14.09	16	25	16
121.4397	23.816	2021	04	18	1.43	13.84	16	26	22
121.4702	23.8098	2021	04	18	1.23	12.32	16	27	01
121.4333	23.8137	2021	04	18	1.58	14.88	16	29	35
121.4447	23.8763	2021	04	18	1.4	12.75	16	29	58
121.4222	23.8693	2021	04	18	1.47	15.82	16	30	05
121.4538	23.8325	2021	04	18	1.41	11.87	16	33	11
121.446	23.796	2021	04	18	1.15	11.14	16	33	41
121.4642	23.8108	2021	04	18	1.57	10.93	16	34	15
121.4483	23.8433	2021	04	18	1.34	12.13	16	36	12
121.4892	23.7957	2021	04	18	1.08	9.9	16	36	28
121.4615	23.8727	2021	04	18	1.13	11.1	16	37	09
121.444	23.8	2021	04	18	1.35	12.13	16	37	24
121.4672	23.791	2021	04	18	1.1	7.89	16	37	50
121.4545	23.8717	2021	04	18	2.97	18.23	16	41	31
121.4563	23.8907	2021	04	18	2.64	16.93	16	41	38
121.4428	23.8267	2021	04	18	1.31	11.29	16	43	35
121.4532	23.826	2021	04	18	1.36	12.26	16	44	34
121.4478	23.8857	2021	04	18	1.86	17.37	16	44	47
121.4443	23.8048	2021	04	18	1.28	9.44	16	47	30
121.4463	23.9	2021	04	18	1.92	18.52	16	48	16
121.4547	23.8305	2021	04	18	1.76	12.42	16	50	33
121.4387	23.7882	2021	04	18	1.18	10.2	16	52	59
121.4513	23.8118	2021	04	18	1.03	9.13	16	55	41
121.4202	23.862	2021	04	18	1.4	16.29	16	56	55
121.4602	23.8327	2021	04	18	1.67	13.27	17	03	11
121.4537	23.78	2021	04	18	1.6	10.79	17	03	43
121.4547	23.8697	2021	04	18	2.87	17.59	17	04	47
121.4363	23.8142	2021	04	18	1.2	11.88	17	05	56
121.4482	23.8325	2021	04	18	1.24	11.71	17	06	01
121.3305	23.8777	2021	04	18	1.74	9.56	17	59	45
121.3312	23.8777	2021	04	18	1.54	6.72	18	00	14
121.4633	23.8265	2021	04	18	2.43	14.59	18	04	00
121.4695	23.7957	2021	04	18	3.02	10.78	18	54	07
121.6265	23.942	2021	04	18	2.45	42.93	19	20	34
121.4585	23.7967	2021	04	18	2.39	12	20	48	10
121.4643	23.8113	2021	04	18	2.48	12.72	21	15	29
121.3897	23.7307	2021	04	18	3.22	19.5	21	17	11
121.453	23.825	2021	04	18	2.7	14.19	21	23	38
121.4688	23.8112	2021	04	18	1.38	11.06	21	54	49
121.4785	23.7888	2021	04	18	2.69	8.79	21	57	22
121.4605	23.7902	2021	04	18	1.68	9.94	22	01	24
121.4773	23.8437	2021	04	18	1.86	9.51	22	02	40
121.4702	23.7955	2021	04	18	2.31	12.11	22	04	29
121.4523	23.7947	2021	04	18	1.99	10.43	22	04	43
121.49	23.7985	2021	04	18	2.73	8.73	22	12	53
121.4542	23.8575	2021	04	18	1.02	11.42	22	13	55
121.4697	23.8415	2021	04	18	1.89	11.87	22	14	02
121.4593	23.8008	2021	04	18	2.48	11.65	22	17	31
121.4717	23.7872	2021	04	18	2.29	8.91	22	24	52
121.4608	23.8513	2021	04	18	1.61	13.03	22	25	19
121.627	24.0335	2021	04	18	2.43	47.92	22	51	03
121.4832	23.8438	2021	04	18	1.86	11.04	22	52	21
121.4413	23.8255	2021	04	18	1.83	15.88	23	07	17
121.4498	23.789	2021	04	18	1.46	10.94	23	07	55
121.4495	23.838	2021	04	18	1.33	11.92	23	08	07
121.473	23.8025	2021	04	18	2.1	8.47	23	24	22
121.469	23.8007	2021	04	18	2.18	8.31	23	46	47
121.705	24.292	2021	04	18	2.09	11.67	23	46	50
121.453	23.8822	2021	04	18	2.52	18.7	23	52	19
121.4617	23.8083	2021	04	19	1.93	10.41	00	07	18
121.479	23.8335	2021	04	19	2.23	12.18	00	39	10
121.4573	23.8975	2021	04	19	2.21	15.78	01	25	45
121.4755	23.8427	2021	04	19	2.54	11.68	02	24	49
121.4708	23.7695	2021	04	19	2.31	8.88	02	27	24
121.4652	23.7952	2021	04	19	1.11	9.56	02	28	10
121.4553	23.8805	2021	04	19	2.09	14.22	02	37	29
121.4545	23.9012	2021	04	19	1.62	15.33	05	07	16
121.4708	23.803	2021	04	19	2.47	9.7	05	07	54
121.4767	23.8437	2021	04	19	2.31	11.64	06	37	13
121.6477	24.0675	2021	04	19	2.65	9.75	06	52	34
121.6265	24.0585	2021	04	19	2.7	11.83	06	52	42
121.4802	23.8452	2021	04	19	2.18	11.49	07	31	15
121.4772	23.8498	2021	04	19	2.36	11.47	07	31	40
121.4757	23.821	2021	04	19	1.75	9.06	07	32	25
121.4563	23.803	2021	04	19	2.39	8.85	07	43	47
121.6335	24.0853	2021	04	19	2.32	8.7	10	32	48
121.449	23.8817	2021	04	19	1.56	12.24	10	33	44
121.476	23.8287	2021	04	19	2.28	9.49	14	40	56
121.5732	23.7945	2021	04	19	2.22	24.71	14	48	33
121.4655	23.8878	2021	04	19	2.25	16.59	15	52	19
121.47	23.8448	2021	04	19	1.25	12.68	15	52	34
121.4618	23.7968	2021	04	19	1.45	9.8	16	19	33
121.4912	23.7945	2021	04	19	1.95	10.09	16	51	58
121.447	23.8608	2021	04	19	1.75	16.1	17	46	41
121.4705	23.8865	2021	04	19	2.48	15.43	18	07	20
121.4728	23.7935	2021	04	19	1.5	6.96	19	30	22
121.6108	24.0232	2021	04	19	1.95	23.66	19	30	28
121.4402	23.7468	2021	04	19	1.93	11.12	19	30	31
121.4783	23.8052	2021	04	19	2.32	9.25	19	54	32
121.4667	23.8947	2021	04	19	3.03	15.85	21	57	53
121.4622	23.8288	2021	04	19	2.11	11.86	23	21	21
121.5107	23.8145	2021	04	20	2.46	13	03	56	47
121.4585	23.8947	2021	04	20	3.05	16.03	05	40	13
121.4438	23.789	2021	04	20	1.53	7.42	07	31	43
121.444	23.8172	2021	04	20	1.97	10.28	08	11	31
121.3618	23.9093	2021	04	20	1.09	3.36	09	14	51
121.446	23.7798	2021	04	20	2.16	8.6	09	28	26
121.6315	24.1375	2021	04	20	1.2	1.43	09	35	31
121.4645	23.7877	2021	04	20	2.25	12.57	09	59	00
121.4667	23.7983	2021	04	20	3.22	11.08	11	09	11
121.469	23.747	2021	04	20	2.32	11.76	11	10	32
121.4575	23.7983	2021	04	20	1.6	10.85	15	05	50
121.4453	23.8033	2021	04	20	1.81	11.95	15	32	54
121.4468	23.8993	2021	04	20	2	16.18	15	57	31
121.4685	23.895	2021	04	20	2.22	16.65	15	58	20
121.4378	23.8785	2021	04	20	2.26	18.4	16	14	39
121.4613	23.848	2021	04	20	1.46	10.32	17	53	30
121.4437	23.771	2021	04	20	2.19	13.69	17	54	12
121.4572	23.8372	2021	04	20	1.27	12.33	17	55	18
121.4912	23.8782	2021	04	20	1.03	14.18	18	36	46
121.4673	23.8068	2021	04	20	2.34	11.13	19	13	55
121.4572	23.8045	2021	04	20	1.46	10.88	19	14	14
121.4827	23.8078	2021	04	20	3.87	8.51	19	34	12
121.4743	23.8075	2021	04	20	2.15	8.64	19	34	58
121.4617	23.7972	2021	04	20	1.3	9.4	19	36	07
121.463	23.8118	2021	04	20	1.44	10.49	19	36	56
121.4588	23.8075	2021	04	20	1.51	10.69	19	37	58
121.4807	23.8048	2021	04	20	3.31	8.66	19	38	32
121.4778	23.811	2021	04	20	1.93	8.77	19	39	51
121.4747	23.8053	2021	04	20	2.33	9.29	19	46	06
121.4663	23.7983	2021	04	20	1.41	8.18	19	46	51
121.4827	23.804	2021	04	20	3.1	8.33	19	59	50
121.474	23.822	2021	04	20	2.42	9.67	20	27	03
121.445	23.809	2021	04	20	1.16	7.18	20	27	23
121.4395	23.793	2021	04	20	2.63	14.37	20	34	07
121.4338	23.9018	2021	04	20	1.21	11.97	20	39	19
121.469	23.8033	2021	04	20	2.61	7.42	20	39	36
121.4548	23.8982	2021	04	20	1.17	13.88	20	40	42
121.4408	23.9013	2021	04	20	1.46	14.32	20	42	27
121.4718	23.809	2021	04	20	2.19	11.92	20	42	41
121.4652	23.8143	2021	04	20	2.36	9.91	21	08	22
121.4713	23.8037	2021	04	20	2.34	12.61	21	08	44
121.4605	23.8137	2021	04	20	1.85	8.25	21	09	10
121.472	23.806	2021	04	20	2.09	8.68	22	22	32
121.4553	23.7857	2021	04	20	1.74	5.77	22	49	34
121.4712	23.7998	2021	04	20	1.36	8.44	22	59	31
121.4708	23.7952	2021	04	20	1.52	8.44	23	21	53
121.4648	23.8955	2021	04	21	3.28	15.88	01	36	45
121.4438	23.8207	2021	04	21	4.05	14.68	03	01	47
121.4765	23.7907	2021	04	21	1.72	6.83	04	23	17
121.4677	23.898	2021	04	21	3.08	15.86	06	51	26
121.4835	23.8837	2021	04	21	1.81	14.75	06	53	45
121.4007	23.9065	2021	04	21	1.29	14.16	06	57	04
121.5648	23.8333	2021	04	21	2.22	5.71	11	22	29
121.49	23.888	2021	04	21	1.54	17.21	12	12	27
121.4577	23.8915	2021	04	21	1.59	16.48	12	12	54
121.4695	23.742	2021	04	21	2.4	8.86	14	05	29
121.6902	23.548	2021	04	21	2.47	33.04	16	07	27
121.507	23.8547	2021	04	21	1.43	13.23	19	10	10
121.4672	23.823	2021	04	21	1.29	7.53	19	10	47
121.43	23.7887	2021	04	21	2.17	15.56	21	47	47
121.4428	23.8875	2021	04	21	1.32	13.71	21	49	01
121.4287	23.8395	2021	04	22	2.74	17.31	01	03	37
121.4748	23.8045	2021	04	22	2.92	8.48	01	13	11
121.4713	23.8405	2021	04	22	1.94	11.6	07	49	59
121.4538	23.8815	2021	04	22	2.16	18.4	08	25	34
121.6315	23.8057	2021	04	22	2.15	8.34	09	41	05
121.4155	23.831	2021	04	22	1.55	15.84	10	13	57
121.6575	23.7517	2021	04	22	1.94	45.47	11	19	32
121.4708	23.8067	2021	04	22	2.3	12.28	12	16	21
121.4553	23.8027	2021	04	22	1.45	8.07	12	17	27
121.5582	23.595	2021	04	22	1.98	40.55	14	12	24
121.4702	23.7785	2021	04	22	3.77	10.47	15	10	36
121.4192	23.8	2021	04	22	1.27	7.1	20	08	03
121.4575	23.9083	2021	04	22	3.11	15.77	23	34	28
121.2718	23.6218	2021	04	23	2.35	8.12	07	22	50
121.2895	23.6197	2021	04	23	1.17	8.31	07	24	01
121.5315	23.8257	2021	04	23	2.41	10.39	09	41	21
121.444	23.7943	2021	04	23	2.61	13.93	09	43	03
121.4583	23.9173	2021	04	23	2.26	18.89	14	01	44
121.4748	23.8548	2021	04	23	1.91	11.45	14	03	23
121.4557	23.8062	2021	04	23	1.59	8.45	15	00	12
121.4685	23.9212	2021	04	23	2.32	18.46	15	01	01
121.463	23.9288	2021	04	23	2.76	17.83	15	02	46
121.4703	23.9218	2021	04	23	2.93	17.81	15	36	36
121.4495	23.8918	2021	04	23	1.58	15.03	16	22	09
121.434	23.8328	2021	04	23	2.41	20.62	16	23	14
121.4583	23.8903	2021	04	23	1.51	15.59	16	24	19
121.5868	23.7692	2021	04	23	1.83	8.92	17	47	41
121.4685	23.9243	2021	04	23	2.61	15.63	21	32	22
121.4693	23.7838	2021	04	23	2.14	12.99	21	39	15
121.6185	23.7848	2021	04	24	2.45	30.49	00	03	03
121.478	23.8082	2021	04	24	2.13	8.45	00	12	38
121.4277	23.8617	2021	04	24	1.31	15.02	00	23	40
121.4317	23.788	2021	04	24	1.57	5.69	00	36	15
121.5098	23.7633	2021	04	24	1.68	8.55	05	00	21
121.4528	23.8102	2021	04	24	2.26	12.32	06	35	35
121.3162	24.2308	2021	04	24	2.19	9.78	07	21	08
121.4217	23.7918	2021	04	24	1.59	12.24	10	55	04
121.4462	23.8042	2021	04	24	1.26	12.68	12	33	11
121.4742	23.7812	2021	04	24	3.11	8.17	14	46	09
121.4703	23.7858	2021	04	24	1.92	8.59	14	46	56
121.4772	23.786	2021	04	24	3.51	8.97	14	55	23
121.4768	23.785	2021	04	24	2.29	8.88	14	58	37
121.4743	23.7855	2021	04	24	2.4	8.85	15	10	10
121.471	23.7955	2021	04	24	1.43	9.05	15	17	56
121.4535	23.7792	2021	04	24	2.07	8.83	15	23	14
121.4822	23.788	2021	04	24	2.97	9.13	15	23	19
121.4392	23.7827	2021	04	24	1.72	10.33	15	24	39
121.4728	23.7795	2021	04	24	3.49	8.88	15	41	53
121.471	23.7843	2021	04	24	1.97	9.14	15	43	36
121.4725	23.7878	2021	04	24	2.41	8.95	15	55	22
121.45	23.776	2021	04	24	1.57	10.69	15	56	11
121.4693	23.7888	2021	04	24	2.14	8.66	16	05	45
121.4632	23.7972	2021	04	24	2.23	11.46	18	04	00
121.4703	23.8438	2021	04	24	1.3	11.56	18	04	53
121.4507	23.8725	2021	04	24	3.9	17.72	21	37	30
121.4462	23.8807	2021	04	24	2.42	18.14	23	23	44
121.4395	23.8985	2021	04	24	2.49	19.07	23	46	39
121.4508	23.8918	2021	04	25	1.63	15.7	00	16	38
121.5523	23.8432	2021	04	25	2.34	6.95	00	20	24
121.6937	23.7558	2021	04	25	1.91	38.69	03	07	23
121.6015	23.8562	2021	04	25	3.88	23.92	05	55	07
121.5	23.4778	2021	04	25	2.38	30.23	06	14	04
121.6007	23.9278	2021	04	25	1.93	27.45	08	24	57
121.4437	23.7882	2021	04	25	1.63	10.68	08	25	37
121.431	23.8943	2021	04	25	1.6	10.9	08	33	56
121.7132	23.5562	2021	04	25	2.34	31.84	08	34	19
121.4313	23.7983	2021	04	25	2.21	14.72	08	57	49
121.4512	23.9303	2021	04	25	1.92	17.48	08	58	15
121.4747	23.9133	2021	04	25	2.27	18.1	12	33	02
121.4753	23.9163	2021	04	25	2.26	16.01	18	14	19
121.4593	23.8815	2021	04	25	2.68	18.36	19	30	28
121.4383	23.8893	2021	04	25	2.56	18.57	22	19	13
121.7047	24.012	2021	04	26	2.43	18.92	01	42	36
121.4738	23.8985	2021	04	26	3.29	16.23	06	46	12
121.4537	23.8772	2021	04	26	2.6	18.73	12	15	38
121.4448	23.8428	2021	04	26	2.83	18.03	12	34	43
121.4295	23.862	2021	04	26	3.2	16.62	13	38	34
121.4365	23.8428	2021	04	26	2.19	18.6	13	39	52
121.6485	23.9213	2021	04	26	1.97	49.52	17	47	54
121.4618	23.8073	2021	04	26	2.22	11.03	21	01	20
121.4738	23.9063	2021	04	26	2.34	16.16	22	22	23
121.4712	23.7902	2021	04	27	2.72	8.94	00	29	31
121.4775	24.1372	2021	04	27	1.7	8.3	02	20	53
121.4387	23.7928	2021	04	27	2.68	13.73	02	27	34
121.4458	23.883	2021	04	27	2.63	17.96	07	09	28
121.4518	23.771	2021	04	27	1.08	6.35	10	20	14
121.5915	23.8545	2021	04	27	2.57	23.33	10	20	17
121.5055	23.7742	2021	04	27	1.74	5.61	10	31	01
121.3912	24.1512	2021	04	27	1.2	5.99	11	31	50
121.7287	23.7948	2021	04	27	3.06	45.91	14	21	41
121.4527	23.8437	2021	04	27	1.13	11.13	15	50	59
121.4077	23.6255	2021	04	27	2.14	34.68	15	56	42
121.4643	23.8878	2021	04	27	2.4	16.55	16	52	58
121.4663	23.8	2021	04	27	1.2	12.59	17	44	21
121.582	23.949	2021	04	27	2.38	6.27	18	06	46
121.4373	23.8817	2021	04	27	2.54	21.38	19	32	58
121.6623	23.6792	2021	04	27	2.13	32.84	22	18	36
121.4683	23.9063	2021	04	28	3.09	16.41	01	11	45
121.5685	24.1503	2021	04	28	2.66	21.28	07	16	25
121.4777	23.4642	2021	04	28	2.57	27.21	10	03	11
121.4742	23.8975	2021	04	28	2.46	16.39	11	35	00
121.5088	23.7153	2021	04	28	2.39	3.76	12	38	41
121.4603	23.8922	2021	04	28	2.38	17.79	12	57	07
121.4455	23.9065	2021	04	28	2.61	17.66	18	00	04
121.5515	24.1147	2021	04	28	2.19	19.34	19	42	20
121.5007	23.7195	2021	04	28	1.08	2.44	21	18	34
121.5037	23.717	2021	04	28	2.66	2.66	21	18	52
121.5057	23.712	2021	04	28	2.31	4.16	21	19	03
121.4775	23.9317	2021	04	28	4.08	18.65	22	30	16
121.5973	24.0215	2021	04	29	2.03	43.05	00	51	28
121.6733	24.2692	2021	04	29	1.76	9.94	07	06	38
121.4827	23.8405	2021	04	29	1.5	8.46	07	07	32
121.4332	23.8652	2021	04	29	1.22	16.21	07	09	17
121.5657	24.1713	2021	04	29	1.78	23.02	07	13	31
121.6603	23.7667	2021	04	29	2.33	40.27	07	16	27
121.49	23.7102	2021	04	29	1.25	6.81	14	01	41
121.591	23.8087	2021	05	01	2.9	28.53	00	36	29
121.7285	24.2673	2021	05	01	2.34	12.41	01	01	17
121.46	23.8812	2021	05	01	1.69	15.75	01	22	42
121.4203	23.7792	2021	05	01	1	3.92	01	38	35
121.4613	23.9418	2021	05	01	1.66	16.06	02	02	17
121.4582	23.917	2021	05	01	1.42	14.94	02	03	10
121.5762	23.7805	2021	05	01	1.03	8.48	02	09	46
121.4755	23.556	2021	05	01	1.39	21.54	02	31	01
121.4747	23.8303	2021	05	01	2.27	9.87	02	33	22
121.468	23.8022	2021	05	01	1.19	8.29	03	31	07
121.3775	23.8052	2021	05	01	1.22	13.68	04	09	08
121.5	23.4852	2021	05	01	2.24	15.58	04	21	52
121.447	23.8602	2021	05	01	1.49	17.51	04	22	09
121.5398	23.8415	2021	05	01	1.38	15.37	04	22	46
121.5267	23.9025	2021	05	01	1.79	18.84	04	37	28
121.7273	24.214	2021	05	01	1.91	18.52	04	51	59
121.4595	23.8032	2021	05	01	1.59	8.51	05	44	11
121.4717	24.1368	2021	05	01	1.14	1.78	05	58	21
121.4633	23.8893	2021	05	01	1.23	16.01	05	59	12
121.4407	23.8657	2021	05	01	1.2	18.28	07	37	49
121.617	24.1438	2021	05	01	1.32	6.44	09	39	41
121.4443	23.8762	2021	05	01	1.49	14.69	10	29	10
121.4662	23.8095	2021	05	01	1.48	11.09	10	38	14
121.4342	23.8557	2021	05	01	1.03	15.93	10	54	27
121.5252	23.8335	2021	05	01	1.24	30.49	11	20	55
121.4478	23.8847	2021	05	01	1.42	16.03	11	34	37
121.4113	23.8313	2021	05	01	1.25	16.73	11	49	49
121.3323	24.0968	2021	05	01	1.91	10.15	13	51	43
121.4805	23.8267	2021	05	01	3.81	9.27	13	57	58
121.452	23.7933	2021	05	01	1.12	8.21	14	03	32
121.4462	23.8242	2021	05	01	1	8.3	14	13	15
121.4597	23.8275	2021	05	01	1	9.73	14	23	55
121.3482	24.2157	2021	05	01	1.18	9.59	14	24	23
121.4542	23.802	2021	05	01	1.02	7.48	14	55	27
121.4842	24.1415	2021	05	01	1.87	6.79	15	09	21
121.606	23.8575	2021	05	01	1.44	23.02	15	35	19
121.4517	23.8762	2021	05	01	1.31	15.88	16	20	04
121.4468	23.8072	2021	05	01	1.09	9.29	16	40	23
121.4472	23.8235	2021	05	01	1.16	10.04	16	58	27
121.4213	23.836	2021	05	01	1.16	16.82	17	06	18
121.5277	23.8968	2021	05	01	1.04	15.6	17	27	39
121.4927	24.1402	2021	05	01	3.79	5.51	17	34	51
121.4755	24.1335	2021	05	01	2.22	5.13	17	36	15
121.47	24.1232	2021	05	01	1.23	2.55	17	37	38
121.4452	23.836	2021	05	01	1.25	14.7	17	46	19
121.527	23.8972	2021	05	01	1.37	19.87	18	28	14
121.4267	23.8757	2021	05	01	1.28	19.14	18	31	39
121.4665	23.7977	2021	05	01	1.35	10.61	18	58	37
121.4657	23.8302	2021	05	01	1.38	10.45	19	10	24
121.465	23.8178	2021	05	01	1.21	8.74	19	17	53
121.4643	23.8223	2021	05	01	1.28	8.92	19	47	40
121.4177	23.8317	2021	05	01	1.13	16.7	20	03	31
121.34	24.0917	2021	05	01	1.33	4.31	20	14	02
121.3427	24.0978	2021	05	01	1.74	5.4	20	16	18
121.331	24.1005	2021	05	01	1.11	6.74	20	24	17
121.5073	23.591	2021	05	01	1.55	21.81	20	28	17
121.3465	24.0842	2021	05	01	1.12	4.26	20	29	49
121.5777	24.1887	2021	05	01	1.67	20.1	20	30	55
121.452	23.8968	2021	05	01	1.14	15.02	20	49	37
121.4573	23.9185	2021	05	01	1.22	16.06	20	52	19
121.4153	23.6452	2021	05	01	1.46	22.73	20	57	59
121.6565	23.8825	2021	05	01	1.84	46.63	21	20	21
121.582	23.6067	2021	05	01	1.63	27.27	21	48	21
121.462	23.872	2021	05	01	1.15	15.92	21	56	34
121.4617	23.782	2021	05	01	1.24	9.22	21	58	10
121.5417	23.7767	2021	05	01	1.45	43.5	22	20	17
121.44	23.9	2021	05	01	1.48	15.84	22	22	45
121.348	24.2565	2021	05	01	1.33	8.63	22	48	00
121.4832	24.149	2021	05	01	1.53	10.38	22	58	43
121.3925	24.2772	2021	05	01	1.08	5.44	23	00	02
121.5438	23.8765	2021	05	01	1.85	19.96	23	10	48
121.458	23.7943	2021	05	01	1.44	7.54	23	13	55
121.421	23.833	2021	05	01	1.12	15.78	23	16	55
121.3385	24.0933	2021	05	01	1.55	6.26	23	24	17
121.6788	23.5532	2021	05	01	1.12	32.71	23	26	46
121.449	23.8977	2021	05	01	1.79	17.82	23	42	31
121.4485	23.8507	2021	05	01	1.07	17.06	23	50	01
121.4487	23.8333	2021	05	02	1.5	13.28	00	47	12
121.4532	23.8823	2021	05	02	1.46	18.9	01	00	49
121.4547	23.9045	2021	05	02	1.39	15	03	01	21
121.4827	23.8225	2021	05	02	1.74	10.63	03	28	23
121.617	24.146	2021	05	02	1.14	3.66	03	33	00
121.536	23.773	2021	05	02	1.17	9.82	03	42	06
121.5668	24.161	2021	05	02	1.73	22.53	04	18	27
121.4063	23.8773	2021	05	02	1.42	15.48	05	09	16
121.3932	23.7845	2021	05	02	1.4	15.45	06	43	24
121.4772	24.1178	2021	05	02	1.14	6.12	06	44	35
121.6342	23.9217	2021	05	02	2.23	45.91	07	09	17
121.5837	23.817	2021	05	02	1.68	6.54	07	39	16
121.3393	24.0873	2021	05	02	1.17	4.24	08	14	19
121.6223	24.1503	2021	05	02	1.49	2.89	08	35	49
121.5425	24.247	2021	05	02	2.17	41.86	09	26	19
121.4455	23.8418	2021	05	02	3.4	17.78	09	46	01
121.443	23.7892	2021	05	02	1.1	9.51	10	34	40
121.4442	23.88	2021	05	02	2.25	17.93	10	45	33
121.4698	23.7993	2021	05	02	1.87	8.58	11	50	11
121.4083	23.8022	2021	05	02	1.43	18.36	12	06	28
121.4447	23.807	2021	05	02	1.03	8.31	13	03	52
121.4717	23.8227	2021	05	02	1.21	9.45	13	06	03
121.455	23.8052	2021	05	02	1.34	11.11	13	42	18
121.4518	23.805	2021	05	02	1.04	9.71	13	44	54
121.4402	23.9025	2021	05	02	1.31	13.43	13	59	05
121.3833	23.7998	2021	05	02	1.38	6.39	14	25	31
121.4422	23.889	2021	05	02	1.14	15.14	14	43	11
121.481	23.9348	2021	05	02	1.06	13.77	15	43	08
121.5383	23.7562	2021	05	02	1.22	6.36	15	59	21
121.5557	23.744	2021	05	02	1.15	23.05	16	00	21
121.4695	23.8252	2021	05	02	1.25	9.69	16	07	46
121.5013	24.0457	2021	05	02	1.69	17.33	16	11	23
121.3442	24.203	2021	05	02	1.73	6.29	16	19	37
121.5013	23.7873	2021	05	02	1.18	9.87	16	46	37
121.523	23.7783	2021	05	02	1.4	9.02	17	04	31
121.4602	23.7843	2021	05	02	1.02	7.97	17	09	20
121.4803	23.89	2021	05	02	1.22	16.1	17	10	04
121.467	23.9002	2021	05	02	1.29	17.19	17	21	16
121.4437	23.901	2021	05	02	1.36	13.93	18	16	47
121.4553	23.8915	2021	05	02	1.04	14.59	18	31	52
121.4503	23.8132	2021	05	02	1.23	11.92	19	05	53
121.4362	24.2958	2021	05	02	1.25	7.84	19	13	14
121.4713	23.776	2021	05	02	1.04	4.98	19	42	12
121.724	23.7867	2021	05	02	2.14	43.26	19	47	40
121.4823	24.137	2021	05	02	1.06	7.83	20	05	26
121.3492	24.2693	2021	05	02	1.3	12.83	20	43	56
121.6307	23.9907	2021	05	02	1.82	26.78	20	59	32
121.5592	23.7548	2021	05	02	2.65	22.33	21	00	14
121.4415	23.8923	2021	05	02	2.07	19.42	21	35	51
121.48	24.149	2021	05	02	1.81	6.06	23	19	24
121.479	24.1468	2021	05	02	1.63	5.55	23	19	58
121.542	23.7718	2021	05	02	2.86	8.69	23	32	52
121.458	23.7605	2021	05	03	1	7.17	00	06	13
121.4595	23.9012	2021	05	03	1.53	15.36	00	08	14
121.453	23.9015	2021	05	03	1.71	14.66	00	33	11
121.4723	23.815	2021	05	03	1.84	8.92	01	55	52
121.6277	24.1422	2021	05	03	1.41	7.23	03	35	25
121.555	23.894	2021	05	03	1.29	5.85	03	35	36
121.4657	23.8927	2021	05	03	2.57	17.53	04	24	09
121.6018	24.0248	2021	05	03	2.95	31.92	05	57	57
121.4747	23.781	2021	05	03	2.9	9.33	07	01	35
121.5702	23.9018	2021	05	03	1.79	10.3	07	39	53
121.545	23.5517	2021	05	03	1.72	22.68	08	16	53
121.4698	23.8285	2021	05	03	1.67	8.67	09	06	56
121.4542	23.8068	2021	05	03	1.41	10.99	11	42	01
121.4528	23.8875	2021	05	03	1.46	15.08	12	07	49
121.5205	23.7707	2021	05	03	1.34	8.88	12	21	19
121.702	24.146	2021	05	03	2.29	48.03	12	53	03
121.4637	23.8108	2021	05	03	1.16	7.35	13	14	50
121.4428	23.8657	2021	05	03	2.6	18.58	13	19	28
121.442	23.889	2021	05	03	1.13	11.02	14	37	19
121.4242	23.8368	2021	05	03	1.95	16.86	15	51	33
121.3998	23.9567	2021	05	03	1.12	13.66	16	04	51
121.4653	23.7798	2021	05	03	1.78	13.13	16	14	40
121.4907	23.9353	2021	05	03	1.28	18.94	16	34	24
121.6048	23.8147	2021	05	03	2.43	21.89	16	54	00
121.4958	23.902	2021	05	03	1.24	11.2	17	17	32
121.4583	23.8525	2021	05	03	1.26	11.75	17	38	14
121.5065	23.95	2021	05	03	1.06	20.02	17	41	02
121.4643	23.7982	2021	05	03	1.28	10.71	18	07	52
121.4642	23.8997	2021	05	03	1.27	15.3	18	09	22
121.431	23.8827	2021	05	03	1.36	18.71	18	34	10
121.5455	23.8765	2021	05	03	1.32	7.64	19	01	18
121.4607	23.9047	2021	05	03	1.32	15.2	20	36	56
121.4513	23.7637	2021	05	03	1.4	11.2	20	45	14
121.4648	23.7742	2021	05	03	1.38	8.34	21	00	28
121.4177	23.8355	2021	05	03	1.35	15.1	21	29	37
121.482	23.818	2021	05	03	2.36	8.28	21	33	55
121.4632	23.7808	2021	05	03	1.7	12.06	21	52	36
121.4582	23.8102	2021	05	03	1.43	11.07	21	56	41
121.4487	23.873	2021	05	04	1.72	22.92	01	29	27
121.5033	23.7813	2021	05	04	1.97	10.51	03	22	35
121.5233	23.7715	2021	05	04	2	10.22	03	25	14
121.5207	23.7758	2021	05	04	1.83	10.26	03	26	55
121.7097	24.2902	2021	05	04	2.16	2.11	03	34	21
121.4478	23.8973	2021	05	04	1.77	19.57	05	02	58
121.3917	23.7682	2021	05	04	2.2	19.74	08	16	16
121.4303	23.8412	2021	05	04	2.55	16.83	08	31	26
121.4443	23.8485	2021	05	04	2.46	16.6	08	31	35
121.6703	23.7302	2021	05	04	2.34	40.52	09	07	52
121.5283	23.754	2021	05	04	1.75	8.41	09	14	25
121.4688	24.1417	2021	05	04	1.1	1.07	09	19	43
121.4527	23.8923	2021	05	04	1.34	15.6	09	20	23
121.4793	24.1402	2021	05	04	1.66	9.26	09	29	27
121.4868	24.1255	2021	05	04	1.61	11.92	09	31	21
121.4333	23.8695	2021	05	04	1.6	15.43	10	10	23
121.4328	23.8655	2021	05	04	1.84	17.84	10	19	59
121.4815	24.1492	2021	05	04	1.54	5.85	11	08	35
121.7185	24.2275	2021	05	04	1.75	20.38	11	30	35
121.5068	23.712	2021	05	04	1.38	4.63	12	17	02
121.3022	23.8742	2021	05	04	1.45	11.34	14	20	56
121.483	23.8397	2021	05	04	1.82	10.81	15	08	58
121.4768	23.9448	2021	05	04	1.31	17.89	15	30	52
121.4082	23.77	2021	05	04	1.26	11.97	15	31	47
121.4432	23.806	2021	05	04	1.22	10.57	15	40	27
121.4667	23.7792	2021	05	04	1.09	7.19	16	29	21
121.3718	23.6945	2021	05	04	1.51	13.34	16	49	34
121.4602	23.7787	2021	05	04	1.43	10.13	16	52	33
121.5292	23.6137	2021	05	04	2.09	37.88	17	29	30
121.427	23.825	2021	05	04	2.36	17	17	36	52
121.4293	23.866	2021	05	04	1.52	24.08	17	42	45
121.5752	23.753	2021	05	04	1.93	27.69	17	50	44
121.4495	23.8757	2021	05	04	2.34	18.22	17	56	22
121.568	23.831	2021	05	04	2.14	1.82	18	12	57
121.6332	24.0232	2021	05	04	1.67	30.93	18	30	13
121.4855	24.1412	2021	05	04	1.01	4.76	19	31	32
121.4318	23.8705	2021	05	04	1.26	17.6	20	01	13
121.4407	23.8727	2021	05	04	1.31	18.04	20	28	38
121.4693	23.7567	2021	05	04	1.33	6.02	22	06	46
121.4635	23.8848	2021	05	04	1.78	15.78	22	07	14
121.452	23.7958	2021	05	04	1.15	11.33	22	33	05
121.484	24.1408	2021	05	04	1.85	5.44	23	24	27
121.6725	24.2527	2021	05	04	2.52	12.33	23	39	29
121.4702	24.1397	2021	05	04	1.18	6.56	23	47	09
121.7035	24.2512	2021	05	04	2.64	19.78	23	56	27
121.6863	24.2768	2021	05	05	1.92	17.28	00	05	23
121.4985	23.781	2021	05	05	2.21	11.22	01	21	58
121.501	23.7718	2021	05	05	1.26	9.54	01	22	33
121.5897	23.8252	2021	05	05	1.37	13	01	22	47
121.3628	23.5348	2021	05	05	2.6	26.79	01	25	16
121.5198	23.7683	2021	05	05	2.73	8.4	01	31	42
121.5185	23.7678	2021	05	05	2.24	7.44	01	50	28
121.4983	23.7868	2021	05	05	1.61	10.54	02	17	22
121.5575	23.7993	2021	05	05	1.55	8.39	02	19	21
121.499	23.7733	2021	05	05	1.11	7.61	03	13	31
121.4743	23.9037	2021	05	05	2.54	16.06	04	23	26
121.4757	23.8428	2021	05	05	1.91	11.66	04	45	08
121.451	23.8087	2021	05	05	1.5	11.12	05	20	05
121.4745	23.8375	2021	05	05	1.53	12.24	06	11	14
121.4723	23.8342	2021	05	05	1.79	8.7	06	42	38
121.4743	23.842	2021	05	05	1.91	8.08	06	57	14
121.4767	23.836	2021	05	05	1.78	9.67	08	12	50
121.4023	23.8043	2021	05	05	2.07	25.27	09	25	01
121.4482	23.8217	2021	05	05	1.38	13.89	10	11	10
121.4127	23.8323	2021	05	05	2.06	17.54	10	11	15
121.4218	23.8768	2021	05	05	2.18	19.56	10	40	52
121.4997	23.8238	2021	05	05	1.85	10.47	10	51	06
121.4745	23.802	2021	05	05	1.73	11.49	10	53	16
121.4545	23.8037	2021	05	05	1.72	12.54	10	54	51
121.5365	23.7827	2021	05	05	1.63	5.62	11	10	36
121.5607	23.5737	2021	05	05	2.24	28.3	12	34	48
121.456	23.822	2021	05	05	1.14	10.27	12	37	00
121.468	23.9922	2021	05	05	2.09	24.74	13	46	22
121.4563	23.8903	2021	05	05	1.53	15.28	13	47	15
121.4733	23.9103	2021	05	05	1.68	16.52	13	49	47
121.4732	23.9107	2021	05	05	1.96	16.67	14	14	45
121.43	23.8462	2021	05	05	1.26	15.82	14	35	21
121.486	23.7827	2021	05	05	1.07	6.88	16	10	42
121.4443	23.5355	2021	05	05	2.32	31.12	16	29	04
121.5745	23.989	2021	05	05	1.41	5.63	16	52	32
121.4378	23.7792	2021	05	05	1.05	12.29	17	10	23
121.4298	23.8865	2021	05	05	1.5	28.48	18	13	40
121.5137	23.816	2021	05	05	3.15	9.45	18	16	06
121.6697	24.1178	2021	05	05	1.83	9.34	18	30	25
121.676	24.0918	2021	05	05	1.63	9.96	19	40	33
121.469	23.8098	2021	05	05	1.37	8.7	20	10	23
121.2842	23.9958	2021	05	05	2.07	11.04	20	22	24
121.4685	23.8068	2021	05	05	1.35	10.2	21	05	21
121.4682	23.7965	2021	05	05	1.56	7.52	21	54	50
121.5907	23.7462	2021	05	05	1.18	12.66	21	55	22
121.4532	23.8192	2021	05	05	1.48	9.98	22	31	01
121.4133	23.848	2021	05	05	1.66	21.63	23	15	02
121.4743	23.8127	2021	05	06	2.37	9.31	00	03	28
121.448	23.8172	2021	05	06	2.07	8.7	00	03	36
121.4605	23.7818	2021	05	06	1.18	6.88	00	04	56
121.7015	23.8172	2021	05	06	2.07	42.57	02	57	16
121.4777	23.82	2021	05	06	2.5	8.26	03	14	49
121.428	23.933	2021	05	06	1.46	17.28	04	13	58
121.6917	24.0005	2021	05	06	1.65	20.53	04	21	56
121.4712	23.7955	2021	05	06	3.1	8.65	04	51	55
121.6732	24.263	2021	05	06	1.87	5.26	04	56	44
121.4493	23.7812	2021	05	06	1.54	11.94	05	12	42
121.462	23.7922	2021	05	06	1.89	8.01	07	31	19
121.6283	24.1512	2021	05	06	1.25	3.05	08	42	26
121.5027	24.0437	2021	05	06	2.46	16.74	08	42	27
121.4575	23.797	2021	05	06	1.39	5.16	08	46	30
121.6017	24.1135	2021	05	06	1.36	8.99	08	47	20
121.4427	23.8188	2021	05	06	1.38	13.31	08	49	47
121.4372	23.8272	2021	05	06	1.33	14.74	08	55	04
121.5273	23.5757	2021	05	06	2.21	29.51	09	06	24
121.6325	24.1067	2021	05	06	1.3	9.47	09	17	25
121.6217	24.1107	2021	05	06	1.95	9.15	09	17	55
121.6605	24.1177	2021	05	06	1.67	8.93	09	19	24
121.69	24.1223	2021	05	06	2.93	11.41	09	23	25
121.4545	23.8042	2021	05	06	1.48	9.16	09	50	58
121.459	23.7847	2021	05	06	1.56	12.36	10	02	12
121.4412	23.9048	2021	05	06	1.46	21.14	12	01	34
121.4635	23.8207	2021	05	06	1.05	9.76	12	13	25
121.3717	23.7745	2021	05	06	1.18	23.65	12	46	01
121.4628	23.798	2021	05	06	1.22	8.07	13	07	07
121.4715	23.9078	2021	05	06	1.15	15.92	13	26	07
121.4397	23.8683	2021	05	06	1.35	20.52	13	43	06
121.4552	23.9173	2021	05	06	1.34	17.46	14	07	19
121.4437	23.7688	2021	05	06	1.08	12.06	15	13	46
121.454	23.8892	2021	05	06	1.75	17.38	15	43	21
121.4517	23.895	2021	05	06	1.33	14.98	16	14	14
121.4707	23.8153	2021	05	06	1.29	9.1	16	51	26
121.4722	23.7125	2021	05	06	2.04	7.18	19	11	50
121.6873	23.6322	2021	05	06	1.17	30.97	20	00	05
121.5525	24.1437	2021	05	06	1.01	17.14	20	06	55
121.5735	24.1338	2021	05	06	2.31	17.66	20	46	39
121.4767	23.7378	2021	05	06	1.55	6.73	21	42	06
121.5923	23.9788	2021	05	07	2.78	39.06	02	20	44
121.4483	23.7787	2021	05	07	1.24	6.08	02	32	49
121.454	23.8105	2021	05	07	1.77	11.1	02	54	15
121.4113	23.7272	2021	05	07	1.8	20.52	03	31	28
121.622	24.1478	2021	05	07	1.16	3.82	03	35	34
121.6127	24.1398	2021	05	07	1.39	2.32	03	45	49
121.4288	23.843	2021	05	07	2.95	18.01	04	53	32
121.4393	23.8765	2021	05	07	2.72	18.13	05	28	45
121.4495	23.8173	2021	05	07	1.49	10.08	09	05	45
121.4258	23.8408	2021	05	07	2.24	19.13	09	16	49
121.5625	23.8205	2021	05	07	1.29	6.68	10	42	44
121.4447	23.8215	2021	05	07	1.29	9.97	10	47	44
121.4622	23.9167	2021	05	07	2.84	18.3	11	11	19
121.4567	23.8015	2021	05	07	1.36	8.18	12	48	58
121.4763	23.783	2021	05	07	1.14	8.06	12	58	36
121.4398	23.7998	2021	05	07	1.07	10.57	13	38	57
121.4938	23.8015	2021	05	07	1.77	9.08	14	20	03
121.5112	23.5915	2021	05	07	1.2	29.78	15	01	05
121.4372	23.8398	2021	05	07	2.89	19.1	15	20	43
121.6903	23.9025	2021	05	07	1.36	18.82	15	54	30
121.6637	24.0795	2021	05	07	1.35	20.39	17	03	05
121.4623	23.7932	2021	05	07	1.3	8.19	18	17	07
121.4892	23.5842	2021	05	07	1.39	28.73	18	20	44
121.6195	23.5477	2021	05	07	1.95	31.59	19	40	44
121.4645	23.7993	2021	05	07	1.17	10.92	20	40	41
121.6618	24.1242	2021	05	08	1.76	10.03	02	43	12
121.4688	23.7878	2021	05	08	1.88	8.72	03	32	36
121.6118	24.1443	2021	05	08	1.17	3.04	03	34	29
121.4607	23.9288	2021	05	08	4.06	19.65	04	35	02
121.3448	24.2475	2021	05	08	1.13	7.49	10	32	36
121.4888	23.7542	2021	05	08	1.96	1.19	11	24	33
121.5093	24.036	2021	05	08	2.4	16.85	23	23	44
121.5765	23.8683	2021	05	09	2.34	21.07	00	34	25
121.7205	23.5657	2021	05	09	2.99	32.87	01	40	59
121.4897	23.9602	2021	05	09	2.96	18.7	06	54	11
121.5185	23.5028	2021	05	09	2.42	35.42	09	27	20
121.4985	23.7032	2021	05	09	2.71	37.51	16	03	45
121.5338	24.1355	2021	05	09	2.16	23.33	16	13	08
121.577	23.8983	2021	05	09	2.05	27.39	22	20	38
121.5888	23.8242	2021	05	10	2.77	29.1	01	10	31
121.5053	23.5547	2021	05	10	2.42	37.44	03	12	44
121.48	23.9027	2021	05	10	3.01	16.76	17	02	27
121.4768	23.9493	2021	05	11	2.3	18.14	07	07	00
121.4768	23.8952	2021	05	11	2.46	16.61	15	54	21
121.672	24.1258	2021	05	11	2.46	9.66	22	48	35
121.536	23.7937	2021	05	12	1.89	7.48	02	16	13
121.481	23.5352	2021	05	12	2.19	38.58	09	53	23
121.6635	23.5648	2021	05	12	2.3	49.74	13	02	09
121.6128	23.8988	2021	05	12	3.02	28.83	15	59	01
121.612	23.7918	2021	05	13	3.52	6.76	04	18	51
121.4772	23.7623	2021	05	13	2.52	7.27	16	16	11
121.5377	23.7343	2021	05	13	2.29	16.53	16	32	05
121.4433	23.8365	2021	05	14	3.19	18.51	01	11	37
121.4537	23.88	2021	05	14	2.24	16.21	03	33	30
121.4672	23.9488	2021	05	14	1.53	19.41	05	45	00
121.495	23.8382	2021	05	14	1.97	12.77	06	58	43
121.5703	23.5393	2021	05	14	2.3	39.61	13	02	23
121.4225	23.7772	2021	05	14	1.41	19.02	13	59	21
121.4383	23.827	2021	05	14	3.97	20.87	16	03	19
121.472	23.8887	2021	05	15	2.55	16.27	03	08	52
121.4592	23.8842	2021	05	15	2.41	16.21	03	10	18
121.7218	23.7992	2021	05	15	1.75	25.79	06	48	32
121.6513	23.8922	2021	05	15	2.35	47.47	12	08	20
121.435	23.8712	2021	05	15	2.27	19.53	12	32	33
121.5565	23.4823	2021	05	15	2.18	35.21	18	08	02
121.5173	23.7962	2021	05	16	1.54	5.18	01	04	02
121.6313	24.1388	2021	05	16	1.53	3.02	03	33	56
121.4553	23.786	2021	05	16	1.51	12.16	07	55	28
121.512	24.1397	2021	05	16	2.88	9.31	09	25	55
121.399	23.7655	2021	05	16	1.25	9.69	16	57	06
121.4697	23.795	2021	05	16	2.36	8.78	17	33	46
121.4357	23.8652	2021	05	16	3.48	21.6	19	50	35
121.4552	23.8972	2021	05	17	3.72	20.97	08	04	44
121.4405	23.8403	2021	05	17	2.52	18.12	09	58	19
121.4767	23.8992	2021	05	17	2.26	16.39	14	18	55
121.7083	23.7932	2021	05	17	1.81	44.81	20	52	30
121.5278	23.8985	2021	05	18	3.56	11.33	11	20	20
121.6265	23.8265	2021	05	18	2.67	44.56	12	16	29
121.437	23.8368	2021	05	18	2.69	19.89	12	18	31
121.6592	24.1268	2021	05	19	2.16	47.81	01	54	06
121.572	23.8065	2021	05	19	1.9	6.62	14	31	11
121.5047	23.6538	2021	05	19	2.63	24.39	15	39	34
121.6057	23.9977	2021	05	19	3.66	38.65	16	35	55
121.4315	23.8422	2021	05	19	1.63	18.86	16	39	34
121.6238	24.1528	2021	05	20	1.53	3.65	03	54	32
121.6292	24.1517	2021	05	20	1.53	3.83	03	58	45
121.4193	23.8045	2021	05	20	1.38	15.85	08	30	13
121.6163	24.145	2021	05	20	1.61	3.2	08	30	24
121.6055	24.1422	2021	05	20	1.57	4.6	08	32	59
121.611	24.1415	2021	05	20	1.6	2.97	08	36	01
121.375	23.7075	2021	05	20	1.75	20.4	08	59	11
121.571	24.0968	2021	05	20	1.36	11.32	10	55	09
121.535	23.8065	2021	05	20	1.45	3.68	12	16	41
121.4647	23.8363	2021	05	20	1.62	6.24	12	53	48
121.4215	23.8833	2021	05	20	1.34	7.17	13	17	28
121.6367	23.918	2021	05	20	1.73	49.44	17	58	18
121.6242	23.7552	2021	05	20	1.99	39.79	18	08	23
121.6008	23.5085	2021	05	20	1.98	40.4	18	29	35
121.6873	23.6922	2021	05	20	2.15	38.7	19	15	14
121.4627	23.8903	2021	05	20	1.53	16.3	19	19	24
121.4325	23.7132	2021	05	20	2	23.27	19	51	52
121.647	24.1527	2021	05	21	1.32	10.58	01	55	32
121.6342	24.1452	2021	05	21	1.24	9.36	01	55	35
121.425	23.8343	2021	05	21	1.71	16.85	02	26	22
121.5585	23.795	2021	05	21	2.39	9.07	06	59	00
121.5417	24.0208	2021	05	21	2.45	42.09	08	03	57
121.4118	23.5808	2021	05	21	3	35.22	13	55	16
121.5693	24.1753	2021	05	22	2.49	18.6	09	07	22
121.7298	24.2122	2021	05	22	2.16	48.54	10	37	37
121.4567	23.8793	2021	05	22	4.49	22.68	19	57	43
121.3443	24.2162	2021	05	23	2.15	14.36	01	31	51
121.614	24.1443	2021	05	23	1.73	3.06	03	36	34
121.4513	23.8872	2021	05	23	2.28	19.75	08	15	40
121.4408	23.8347	2021	05	23	2.92	18.9	13	14	07
121.5257	23.888	2021	05	23	2.76	11.91	13	46	10
121.6782	23.7212	2021	05	23	3.26	38.84	16	26	29
121.4812	23.9062	2021	05	23	2.91	16.44	17	04	41
121.4752	23.8963	2021	05	23	2.66	16.6	22	00	00
121.4877	23.747	2021	05	23	2.29	7.59	23	14	42
121.4158	23.551	2021	05	23	1.64	26.88	23	59	05
121.7282	24.2297	2021	05	24	2.12	44.8	00	16	04
121.6128	24.1412	2021	05	24	1.2	2.58	03	32	30
121.6247	24.1455	2021	05	24	1.08	2.73	03	33	45
121.7167	24.2505	2021	05	24	2.07	5.81	03	40	43
121.4525	23.9197	2021	05	24	3.02	21.01	06	13	15
121.5447	23.6247	2021	05	24	3.05	42.8	17	24	43
121.4843	23.8113	2021	05	24	1.23	12.54	23	43	46
121.4678	23.9205	2021	05	25	3.57	18.37	01	10	10
121.4585	23.9302	2021	05	25	2.43	18.94	01	17	40
121.5682	23.5747	2021	05	25	3.61	37.29	06	56	12
121.4833	23.7997	2021	05	25	2.11	12.99	09	15	21
121.477	23.8912	2021	05	25	2.7	16.45	11	29	17
121.4193	23.9095	2021	05	25	2.2	27.14	12	14	26
121.4888	23.9385	2021	05	25	5.01	20.19	16	48	00
121.4798	23.9555	2021	05	25	1.5	19.57	17	30	48
121.4782	23.7857	2021	05	25	2.3	8.69	19	48	55
121.479	23.898	2021	05	25	2.51	16.49	20	43	53
121.4762	23.9493	2021	05	25	3.93	19.42	20	51	27
121.48	23.9055	2021	05	26	3.1	17.94	02	10	59
121.4447	23.895	2021	05	26	1.52	19.59	13	12	53
121.53	23.8548	2021	05	26	2.45	13.83	17	22	21
121.5183	23.8337	2021	05	26	1.55	10.2	17	23	00
121.461	23.9392	2021	05	26	2.16	20.72	17	50	10
121.4585	23.9062	2021	05	26	1.48	16.57	18	24	03
121.3943	24.0245	2021	05	26	2.42	15.46	19	47	25
121.5992	23.7933	2021	05	26	1.55	29.18	21	10	39
121.4037	23.9072	2021	05	26	2.81	14.91	21	52	02
121.5943	24.125	2021	05	27	1.62	8.16	08	30	37
121.4372	23.8877	2021	05	27	1.59	12.54	09	58	44
121.4527	23.9005	2021	05	27	1.36	16.58	13	11	28
121.4935	23.7695	2021	05	27	2.36	37.49	13	43	34
121.4318	23.7948	2021	05	27	1.3	16.72	19	18	06
121.4728	23.9233	2021	05	27	2.44	17.79	22	58	35
121.4577	23.9112	2021	05	28	1.35	15.67	03	11	27
121.3872	23.6292	2021	05	28	1.87	14.74	07	06	58
121.7037	23.5827	2021	05	28	1.39	31.71	07	34	36
121.6405	24.1623	2021	05	28	1.76	5.81	08	41	18
121.4672	23.7927	2021	05	28	3.19	10.32	13	41	18
121.3405	23.5518	2021	05	28	1.51	44.96	17	37	18
121.3355	24.2032	2021	05	28	1.59	13.23	18	09	07
121.5547	23.8843	2021	05	28	2.24	23.22	20	57	21
121.607	23.9872	2021	05	28	1.73	40.27	21	41	37
121.4682	23.9012	2021	05	28	1.47	16.35	22	25	09
121.5853	24.2395	2021	05	29	1.85	15.53	03	57	03
121.591	23.9933	2021	05	29	2.93	9.15	08	10	19
121.4583	23.7958	2021	05	29	1.5	6.7	10	30	15
121.4817	23.9455	2021	05	29	3.99	18.98	11	27	54
121.4032	23.8112	2021	05	29	1.81	24.99	13	57	59
121.5045	23.4858	2021	05	29	2.75	28.96	15	02	22
121.4465	23.8795	2021	05	29	1.63	16.66	17	32	31
121.4368	23.832	2021	05	29	1.81	17.1	20	27	52
121.7008	23.5762	2021	05	29	2.37	48.56	22	53	07
121.4622	23.7545	2021	05	30	2.14	9.04	01	21	40
121.4523	23.9068	2021	05	30	3.63	20.27	04	28	41
121.4788	23.9613	2021	05	30	2.41	18.96	05	12	28
121.4823	23.924	2021	05	30	2.76	16.26	07	48	03
121.4812	23.9177	2021	05	30	2.85	16.31	07	54	22
121.4845	23.6262	2021	05	31	1.41	32.79	02	59	17
121.534	23.9133	2021	05	31	3.75	11.52	07	28	04
121.4782	23.9448	2021	05	31	2.68	19.04	11	12	26
121.6648	23.4865	2021	05	31	1.68	34.57	18	36	50
121.4135	23.8582	2021	06	01	1.04	17.43	00	05	45
121.3022	23.6618	2021	06	01	1.22	7.38	00	22	43
121.3397	24.0317	2021	06	01	1.62	31.59	00	28	37
121.4848	23.8557	2021	06	01	1.19	20.33	02	01	54
121.624	24.0198	2021	06	01	2.51	42.05	08	12	41
121.4702	23.962	2021	06	01	2.32	20.4	09	45	45
121.3915	23.7225	2021	06	01	1.62	11.92	10	25	00
121.4705	23.9445	2021	06	01	3.2	18.4	13	26	17
121.4123	23.8357	2021	06	01	1.78	18.54	17	43	26
121.4545	23.7447	2021	06	01	1.4	3.73	19	30	29
121.4297	23.8765	2021	06	01	1.08	17.83	19	54	22
121.709	23.825	2021	06	01	1.91	47.75	23	08	25
121.6063	23.7873	2021	06	02	1.89	34.64	00	53	17
121.4688	23.949	2021	06	02	2.05	18.16	01	57	49
121.4675	23.8115	2021	06	02	1.29	14.63	06	48	23
121.4615	23.9172	2021	06	02	2.04	17.23	10	19	45
121.517	23.5322	2021	06	02	2.75	28.2	11	11	50
121.4237	23.7762	2021	06	02	1.14	19.27	11	31	57
121.4778	23.4785	2021	06	02	1.92	32.06	12	16	39
121.4513	23.912	2021	06	03	2.8	19.22	04	37	02
121.6727	24.2713	2021	06	03	1.65	5.77	05	22	03
121.264	23.6115	2021	06	03	1.28	11.02	11	21	42
121.4707	23.887	2021	06	03	1.3	15.25	18	11	02
121.5358	23.7887	2021	06	03	1.17	8.3	19	05	26
121.6925	23.8633	2021	06	03	1.8	46.16	21	57	52
121.697	23.7762	2021	06	04	2.32	40.7	15	07	59
121.5175	23.7628	2021	06	05	2.28	7.99	10	08	07
121.6242	23.8118	2021	06	05	2.25	6.41	11	45	17
121.5405	23.6483	2021	06	05	2.23	36.96	14	03	43
121.7078	24.0968	2021	06	05	2.55	7.75	14	43	40
121.4218	23.8373	2021	06	05	2.14	16.92	15	21	51
121.5215	24.1722	2021	06	05	2.61	32.59	17	41	48
121.457	23.8818	2021	06	05	2.4	18.6	22	57	34
121.608	23.482	2021	06	05	2.4	33.31	23	19	40
121.5077	23.6913	2021	06	05	2.07	20.03	23	29	42
121.686	23.5158	2021	06	06	2.68	32.13	01	34	46
121.515	23.8733	2021	06	06	1.18	9.34	11	22	44
121.6133	23.8652	2021	06	06	1.87	24.88	20	02	44
121.5692	23.7028	2021	06	06	3.36	27.07	23	06	44
121.7147	23.9928	2021	06	07	2.09	39.45	01	19	25
121.4305	23.8302	2021	06	07	2.26	17.51	05	25	21
121.4825	23.9512	2021	06	07	3.36	18.88	16	47	33
121.4357	23.926	2021	06	07	3.03	19.33	23	31	02
121.4867	23.924	2021	06	09	3.26	15.74	14	09	48
121.5383	23.9078	2021	06	09	4.45	11.97	22	42	31
121.5813	23.99	2021	06	10	2.51	6.56	02	06	22
121.5247	23.9028	2021	06	11	5.12	11.32	05	12	48
121.524	23.8897	2021	06	11	4.5	9.9	05	14	22
121.5467	23.9053	2021	06	11	2.56	8.51	06	38	10
121.6655	24.2702	2021	06	11	1.79	7.1	07	21	47
121.5232	23.8953	2021	06	11	3.34	10.27	07	24	52
121.53	23.8903	2021	06	11	5.46	10.62	07	33	26
121.491	23.884	2021	06	11	4.1	8.43	07	34	10
121.4935	23.8892	2021	06	11	2.49	9.37	07	36	23
121.4873	23.8875	2021	06	11	2.28	8.7	07	36	28
121.522	23.8905	2021	06	11	4.94	10.78	07	36	43
121.5197	23.8845	2021	06	11	2.53	9.84	07	43	00
121.5168	23.8842	2021	06	11	2.13	10.84	07	47	37
121.4885	23.8835	2021	06	11	1.28	10.58	07	48	40
121.5132	23.872	2021	06	11	1.51	9.82	08	05	16
121.5083	23.8995	2021	06	11	2.08	12.23	08	14	57
121.4958	23.892	2021	06	11	1.8	10.65	08	16	55
121.5017	23.9013	2021	06	11	1.71	10.56	08	26	34
121.5027	23.8993	2021	06	11	1.34	13.53	08	27	13
121.54	23.8945	2021	06	11	1.46	8.36	08	28	47
121.4877	23.886	2021	06	11	1.21	9.03	08	29	34
121.5497	23.8613	2021	06	11	1.94	9.81	08	30	21
121.5192	23.8903	2021	06	11	2.38	10.31	08	38	06
121.5523	23.858	2021	06	11	2.65	9.46	08	40	03
121.5065	23.9012	2021	06	11	1.46	14.78	08	46	46
121.5132	23.8817	2021	06	11	2.11	10.49	08	49	33
121.495	23.8865	2021	06	11	1.43	11.57	08	50	19
121.5618	23.8652	2021	06	11	4.34	10.94	08	53	47
121.5483	23.861	2021	06	11	3.62	10.46	08	54	04
121.5228	23.8695	2021	06	11	3.13	9.82	08	54	19
121.5222	23.8645	2021	06	11	2.2	7.76	08	54	54
121.5613	23.869	2021	06	11	4.2	10.65	08	55	20
121.528	23.8627	2021	06	11	2.91	9.91	08	55	49
121.524	23.8623	2021	06	11	1.7	8.77	08	56	36
121.5313	23.8647	2021	06	11	2.11	9.32	08	57	19
121.5625	23.8695	2021	06	11	3.01	10.38	08	57	38
121.5217	23.868	2021	06	11	1.7	10.87	08	58	44
121.5528	23.8557	2021	06	11	2.27	10.37	08	59	27
121.5662	23.8597	2021	06	11	3.41	10.32	09	01	32
121.5513	23.8605	2021	06	11	2.43	10.16	09	02	05
121.5557	23.8592	2021	06	11	2.01	9.81	09	03	32
121.5507	23.867	2021	06	11	1.64	9.94	09	10	09
121.5323	23.877	2021	06	11	1.93	12.84	09	17	16
121.5355	23.8678	2021	06	11	2.06	9.79	09	19	04
121.5225	23.8757	2021	06	11	1.45	10.14	09	23	40
121.5337	23.8733	2021	06	11	2.09	7.93	09	23	46
121.5543	23.8572	2021	06	11	2.53	9.62	09	24	57
121.5237	23.878	2021	06	11	1.43	21.73	09	26	11
121.5218	23.8612	2021	06	11	1.09	8.96	09	26	13
121.541	23.8683	2021	06	11	1.04	11.69	09	28	35
121.5365	23.8733	2021	06	11	1.8	8.61	09	28	47
121.535	23.8808	2021	06	11	1.94	11.01	09	29	13
121.528	23.867	2021	06	11	2	8.66	09	35	12
121.4948	23.893	2021	06	11	1.65	12.69	09	35	31
121.4855	23.884	2021	06	11	1.07	10.35	09	35	46
121.5665	23.8107	2021	06	11	2.57	39.23	09	39	23
121.5278	23.8682	2021	06	11	1.51	12.6	09	39	53
121.5175	23.8748	2021	06	11	1.11	11.76	09	41	05
121.5257	23.8705	2021	06	11	2.58	11.48	09	45	49
121.5627	23.863	2021	06	11	1.92	9.56	09	46	12
121.5295	23.8668	2021	06	11	1.23	10.59	09	50	14
121.5282	23.8723	2021	06	11	1.45	9.95	09	53	22
121.5218	23.868	2021	06	11	1.29	9.6	09	54	38
121.5337	23.8695	2021	06	11	1.93	13.21	09	55	38
121.486	23.8868	2021	06	11	1.57	10.99	09	56	16
121.5228	23.8663	2021	06	11	1.68	10.3	09	58	37
121.5315	23.8668	2021	06	11	1.3	11.6	10	00	25
121.5525	23.8795	2021	06	11	3.01	6.82	19	59	15
121.4918	23.8907	2021	06	11	1.45	10.07	21	09	31
121.5187	23.8608	2021	06	11	1.25	9.66	21	20	10
121.5222	23.8715	2021	06	11	1.81	11.49	21	22	11
121.4528	23.7983	2021	06	11	1.18	8.45	21	46	49
121.5545	23.8608	2021	06	11	1.02	10.87	21	47	13
121.4225	23.8322	2021	06	11	2.07	16.98	22	13	06
121.5278	23.8763	2021	06	11	1.34	10.25	22	27	24
121.5428	23.8865	2021	06	11	2.17	10.16	22	56	30
121.5213	23.8737	2021	06	11	1.09	10.95	22	57	11
121.5208	23.8823	2021	06	11	1.75	9.14	23	03	32
121.5142	23.8853	2021	06	11	2.84	10.31	23	16	34
121.484	23.7163	2021	06	11	1.11	3.93	23	42	58
121.5578	23.8733	2021	06	11	2.84	10.21	23	44	01
121.4987	23.7072	2021	06	11	1.25	7.34	23	44	52
121.6335	23.8607	2021	06	13	4.3	41.06	02	39	11
121.569	23.8933	2021	06	13	3.42	7.76	15	15	13
121.5638	23.9017	2021	06	13	3.26	7.8	15	15	26
121.5597	23.8948	2021	06	13	2.72	6.45	15	15	38
121.5665	23.894	2021	06	13	2.5	7.85	15	16	02
121.5575	23.8642	2021	06	14	2.06	9.36	00	17	36
121.5307	23.8603	2021	06	14	1.59	9.23	00	27	21
121.6027	23.8752	2021	06	14	2.15	37.09	00	46	34
121.5245	23.8642	2021	06	14	1.74	9.68	03	00	44
121.6238	24.1498	2021	06	14	1.93	5.04	03	31	47
121.5453	23.9008	2021	06	14	2.31	10.72	03	32	19
121.6432	23.8957	2021	06	14	2.2	44.69	04	53	04
121.5193	23.8935	2021	06	14	4.09	11.8	15	44	52
121.576	23.8983	2021	06	18	3.34	8.32	02	13	34
121.4727	23.7933	2021	06	20	5.03	10.77	14	50	13
121.4538	23.8953	2021	06	23	3.18	18.02	05	12	44
121.4423	23.8573	2021	06	23	1.62	17.79	05	33	20
121.4993	24.0657	2021	06	23	4.88	23.63	05	40	24
121.5067	24.063	2021	06	23	2.18	23.88	06	05	43
121.6477	24.2067	2021	06	23	3.19	13.7	07	01	48
121.4477	23.886	2021	06	23	1.02	14.96	07	03	11
121.4465	23.8032	2021	06	23	1.36	11.11	07	28	22
121.4557	23.8073	2021	06	23	1.63	11.32	08	22	41
121.5103	24.0712	2021	06	23	2.06	25.89	17	37	02
121.519	23.5897	2021	06	23	2.11	32.42	18	33	10
121.5625	23.8937	2021	06	23	2.76	6.3	19	50	49
121.4545	23.9035	2021	06	23	1.38	13.7	20	57	29
121.5617	23.8463	2021	06	23	2.31	2.59	23	09	42
121.4382	23.8812	2021	06	24	2.49	17.85	01	45	26
121.4652	23.7852	2021	06	24	3.38	11.45	03	04	37
121.6518	23.9143	2021	06	24	2.53	40.93	04	19	22
121.4535	23.8743	2021	06	28	4.75	18.45	09	08	18
121.3852	23.7147	2021	06	28	2.85	12.99	09	09	36
121.4703	23.9103	2021	06	30	3.74	19.03	16	51	11
121.5713	23.8905	2021	07	01	2.98	7.54	11	07	55
121.5608	23.7583	2021	07	01	2.92	6.5	12	06	44
121.6777	23.9298	2021	07	01	2.12	17.31	19	49	08
121.441	23.8452	2021	07	01	2.52	18.09	20	21	10
121.5992	23.9742	2021	07	02	2.3	6.19	00	25	43
121.4777	23.7275	2021	07	02	2.68	7.36	05	25	57
121.4927	23.6223	2021	07	02	3.04	33.68	06	29	43
121.4638	23.9162	2021	07	02	2.41	17.99	11	04	06
121.479	23.8135	2021	07	03	2.35	8.75	02	45	34
121.6765	24.0997	2021	07	03	2.46	10.14	07	31	49
121.673	24.1002	2021	07	03	2.83	9.37	07	34	14
121.6842	24.0868	2021	07	03	3.96	8.83	11	50	28
121.6937	24.097	2021	07	03	2.53	8.81	13	48	45
121.6753	24.1058	2021	07	03	2.25	11.1	13	49	12
121.7015	24.129	2021	07	03	2.45	8.04	18	20	12
121.59	24.1667	2021	07	03	1.86	22.82	20	18	20
121.4362	23.8363	2021	07	03	2.58	17.32	22	33	54
121.4333	23.8322	2021	07	03	1.21	17.12	22	48	41
121.4545	23.9138	2021	07	04	2.79	21.89	18	44	58
121.7248	24.2045	2021	07	04	2.19	16.67	20	26	21
121.6643	24.1233	2021	07	05	2.44	9.65	07	59	47
121.4602	23.9082	2021	07	05	3.72	21.38	14	41	59
121.4535	23.8833	2021	07	05	4.75	21.98	15	12	31
121.4878	23.4997	2021	07	05	2.22	25.49	16	28	17
121.5245	23.8773	2021	07	06	4.65	10.12	10	26	35
121.5247	23.8737	2021	07	06	2.15	10.1	10	39	12
121.5152	23.866	2021	07	06	1.3	9.04	11	05	26
121.52	23.8895	2021	07	06	1.27	11.51	11	05	39
121.66	24.0683	2021	07	06	3.29	28.35	11	35	08
121.5922	23.8487	2021	07	06	2.61	21.44	15	52	36
121.5073	24.0343	2021	07	06	2.6	19.05	16	27	54
121.5105	24.0323	2021	07	06	2.8	19.55	16	29	27
121.5738	23.8953	2021	07	06	4.33	6.86	19	21	45
121.5693	23.8827	2021	07	06	2.62	12.26	19	23	37
121.568	23.8913	2021	07	06	2.94	7.25	19	27	21
121.5663	23.8942	2021	07	06	2.31	9.39	19	27	45
121.4587	23.9137	2021	07	06	2.41	19.44	20	19	29
121.5755	23.9028	2021	07	06	2.36	7.16	20	34	32
121.5707	23.9018	2021	07	06	2.25	6.09	20	53	55
121.573	23.8965	2021	07	06	2.33	8.89	21	42	40
121.2763	23.548	2021	07	06	1.18	14.24	22	54	24
121.5702	23.8928	2021	07	07	5.46	6.79	11	24	58
121.5598	23.9113	2021	07	07	2.97	10.74	11	30	15
121.539	23.9152	2021	07	07	2.71	8.62	11	30	27
121.5622	23.904	2021	07	07	2.38	9.08	11	30	57
121.6025	23.892	2021	07	07	2.79	12.84	11	31	44
121.5547	23.9005	2021	07	07	2.82	13.27	11	32	17
121.5752	23.9155	2021	07	07	1.62	6.87	11	33	02
121.5733	23.9082	2021	07	07	2.6	6.69	11	33	16
121.5777	23.9185	2021	07	07	1.9	6.59	11	33	34
121.5727	23.8973	2021	07	07	1.56	9.09	11	35	08
121.5797	23.898	2021	07	07	3.02	8.93	11	35	21
121.5732	23.9027	2021	07	07	1.51	5.03	11	36	16
121.5677	23.8992	2021	07	07	1.39	9.34	11	36	34
121.5735	23.9043	2021	07	07	2.07	5.18	11	36	51
121.5802	23.8978	2021	07	07	2.91	9.33	11	37	07
121.5643	23.8982	2021	07	07	1.57	13.31	11	37	30
121.561	23.902	2021	07	07	1.88	7.18	11	37	48
121.5638	23.8953	2021	07	07	1.81	10.51	11	38	02
121.582	23.9167	2021	07	07	2.86	5.65	11	38	09
121.577	23.9045	2021	07	07	3.08	12.4	11	38	17
121.5888	23.8983	2021	07	07	4.33	9.52	11	39	12
121.5857	23.9143	2021	07	07	2.78	8.49	11	41	46
121.5765	23.9095	2021	07	07	3.59	7.73	11	42	59
121.5748	23.8998	2021	07	07	2.11	7.95	11	44	17
121.5777	23.905	2021	07	07	1.73	8.46	11	45	13
121.5193	23.871	2021	07	07	1.43	8.66	11	45	46
121.5782	23.8997	2021	07	07	2.53	9.34	11	46	33
121.5635	23.8947	2021	07	07	2.52	8.12	11	46	41
121.563	23.899	2021	07	07	1.75	8.13	11	46	59
121.5362	23.9218	2021	07	07	1.58	3.77	11	47	05
121.5618	23.8972	2021	07	07	2.67	8.44	11	48	59
121.5632	23.896	2021	07	07	2.84	9.34	11	49	17
121.5645	23.8992	2021	07	07	1.94	9.34	11	50	41
121.5793	23.9112	2021	07	07	2.57	5.75	11	55	00
121.5598	23.8952	2021	07	07	1.72	9.09	11	55	21
121.5763	23.8945	2021	07	07	1.26	7.99	11	55	57
121.5923	23.9122	2021	07	07	1.56	8.34	11	56	11
121.5843	23.896	2021	07	07	1.7	7.73	11	56	58
121.5775	23.8947	2021	07	07	1.75	12.79	11	57	04
121.5847	23.914	2021	07	07	2.07	7.13	11	57	17
121.5758	23.9085	2021	07	07	2.12	5.89	11	57	29
121.568	23.9067	2021	07	07	1.8	8.26	12	17	08
121.5457	23.8935	2021	07	07	1.84	7.9	12	17	21
121.5688	23.9035	2021	07	07	2.35	7.04	12	17	31
121.5695	23.8955	2021	07	07	1.61	9.94	12	17	57
121.5828	23.913	2021	07	07	2.95	7.83	12	22	00
121.5868	23.9238	2021	07	07	2.9	5.96	12	22	03
121.5757	23.8988	2021	07	07	3.03	9.03	12	22	48
121.564	23.8972	2021	07	07	1.55	8.42	12	23	41
121.5857	23.9172	2021	07	07	2.28	7.61	12	25	19
121.5813	23.9093	2021	07	07	2.17	7.14	12	25	58
121.5835	23.909	2021	07	07	3.41	6.58	12	26	20
121.5625	23.8965	2021	07	07	2.64	10.35	12	27	27
121.5445	23.8942	2021	07	07	1.38	12.77	12	27	56
121.5843	23.9075	2021	07	07	3.38	6.93	12	43	54
121.5802	23.916	2021	07	07	3.54	6.37	12	53	03
121.5712	23.9052	2021	07	07	2.19	4.8	12	53	44
121.5728	23.909	2021	07	07	1.45	5.52	12	54	19
121.572	23.906	2021	07	07	3.2	6.98	13	00	58
121.5713	23.904	2021	07	07	2.82	9.09	13	01	33
121.5583	23.8987	2021	07	07	2.37	9.05	13	09	49
121.5722	23.9003	2021	07	07	2.33	7.79	13	31	03
121.574	23.8877	2021	07	07	4.68	9.1	13	38	27
121.567	23.8887	2021	07	07	2.54	7.27	13	42	48
121.578	23.9027	2021	07	07	2.59	9.17	13	50	45
121.581	23.8982	2021	07	07	2.58	9.87	14	28	23
121.5905	23.916	2021	07	07	3.43	6.74	14	35	07
121.5825	23.9047	2021	07	07	1.77	7.23	14	35	51
121.5818	23.9065	2021	07	07	1.93	6.88	14	36	24
121.5625	23.9118	2021	07	07	1.6	8.14	14	37	01
121.5815	23.917	2021	07	07	2.74	5.72	14	42	13
121.5812	23.9152	2021	07	07	2.36	7.41	14	44	07
121.5792	23.9138	2021	07	07	3.06	5.32	14	44	20
121.5827	23.9017	2021	07	07	2.06	7.73	14	59	15
121.5767	23.9127	2021	07	07	2.16	7	14	59	59
121.5757	23.9107	2021	07	07	2.51	7.31	15	37	39
121.552	23.8815	2021	07	07	2.75	7.25	15	39	05
121.5627	23.8978	2021	07	07	2.22	9.24	15	39	40
121.59	23.9298	2021	07	07	2.02	5.2	16	12	45
121.5582	23.8837	2021	07	07	2.32	7.9	16	57	09
121.58	23.9052	2021	07	07	2.19	10.08	17	14	12
121.5502	23.875	2021	07	07	2.75	7.16	17	54	48
121.5862	23.9185	2021	07	07	3.39	5.41	18	50	59
121.7113	23.7823	2021	07	07	2.58	45.39	18	51	46
121.5727	23.8822	2021	07	07	1.98	5.21	18	52	00
121.582	23.9308	2021	07	07	1.8	7.46	18	52	26
121.5783	23.9268	2021	07	07	1.79	9.71	18	52	38
121.5858	23.9225	2021	07	07	2.7	5.09	18	53	32
121.5762	23.899	2021	07	07	2.25	9.27	19	00	52
121.5905	23.93	2021	07	07	2.25	6.22	19	13	33
121.5675	23.9015	2021	07	07	2.46	10.23	21	04	04
121.5812	23.9133	2021	07	07	2.52	9.93	21	04	11
121.6853	24.1035	2021	07	07	3.81	8.76	21	31	14
121.6843	24.0958	2021	07	07	2.81	9.38	21	32	03
121.6752	24.1085	2021	07	07	2.8	7.59	21	35	13
121.6795	24.1082	2021	07	07	3.12	8.54	21	35	53
121.5672	23.8923	2021	07	07	5.51	8.24	22	11	55
121.5705	23.8938	2021	07	07	3.49	9.14	22	13	34
121.5573	23.8717	2021	07	07	2.55	5.05	22	16	19
121.5597	23.8722	2021	07	07	2.2	4.81	22	18	52
121.5632	23.8973	2021	07	07	2.18	8.8	22	19	09
121.5407	23.8882	2021	07	07	1.67	9.21	22	29	25
121.5663	23.8953	2021	07	07	2.64	8.82	22	30	17
121.532	23.887	2021	07	07	1.66	7.97	22	30	40
121.5658	23.8985	2021	07	07	3.47	10.39	22	31	08
121.5673	23.8813	2021	07	07	1.57	10.43	22	33	20
121.5528	23.8685	2021	07	07	1.34	9.67	22	35	05
121.5523	23.8778	2021	07	07	2.1	8.54	22	40	46
121.5555	23.8918	2021	07	07	4.12	8.39	23	31	02
121.5553	23.9002	2021	07	07	1.2	12.48	23	43	08
121.6862	24.1062	2021	07	08	2.69	7.7	00	42	52
121.5797	23.9053	2021	07	08	2.4	5.19	01	31	53
121.5843	23.9103	2021	07	08	3.06	5.26	01	33	28
121.4598	23.7678	2021	07	08	1.46	7.39	03	08	38
121.5525	23.8622	2021	07	08	2.36	5.61	04	51	49
121.5448	23.8267	2021	07	08	1.34	8.73	04	52	23
121.549	23.8455	2021	07	08	1.74	12.76	05	05	21
121.5463	23.8638	2021	07	08	2.05	5.6	05	12	22
121.5958	23.9815	2021	07	08	1.88	39.68	05	41	47
121.5615	23.8698	2021	07	08	1.63	9.43	06	41	47
121.5788	23.9152	2021	07	08	2.49	5.79	08	03	43
121.6258	23.9408	2021	07	08	2.76	39.13	08	17	39
121.5327	23.8943	2021	07	08	1.32	9.87	09	25	47
121.625	24.1115	2021	07	08	2.07	8.84	12	18	55
121.4405	23.8878	2021	07	08	2.42	16.45	12	19	28
121.5193	23.789	2021	07	08	1.48	5.02	13	35	54
121.5702	23.8777	2021	07	08	2.5	10.67	13	41	32
121.5445	23.8652	2021	07	08	2.14	7.31	14	49	15
121.5497	23.8667	2021	07	08	2.35	9.49	14	49	33
121.5433	23.8653	2021	07	08	2.3	7.57	15	33	51
121.5512	23.8775	2021	07	08	1.87	7.97	15	34	09
121.5743	23.9003	2021	07	08	2.33	8.78	17	17	43
121.6617	24.0088	2021	07	08	2.56	47.94	22	54	49
121.577	23.9205	2021	07	08	2.14	10.24	22	56	03
121.4388	23.8922	2021	07	09	2.3	25.47	00	36	24
121.5615	23.8913	2021	07	09	2.28	8.6	01	22	25
121.5718	23.923	2021	07	09	2.41	11.44	08	20	27
121.5782	23.8362	2021	07	09	2.3	6.44	13	25	39
121.6855	24.021	2021	07	09	2.02	49.02	16	50	11
121.5792	23.9088	2021	07	09	2.3	10.02	20	28	55
121.5818	23.9073	2021	07	09	1.03	10.72	20	29	58
121.3963	23.7352	2021	07	09	2.51	20.1	20	55	07
121.5815	23.9298	2021	07	09	2.7	6.67	22	10	25
121.5945	23.9118	2021	07	10	3.05	9.56	00	16	50
121.5752	23.8958	2021	07	10	1.66	12.66	00	28	57
121.575	23.9203	2021	07	10	2.9	5.9	03	03	54
121.576	23.8562	2021	07	10	2.23	6.4	04	55	12
121.6792	24.1008	2021	07	10	2.02	10.57	09	16	10
121.579	23.9158	2021	07	10	2.82	7.17	09	41	53
121.5868	23.9142	2021	07	10	2.6	5.91	14	04	33
121.4367	23.7945	2021	07	10	2.67	12.42	21	25	21
121.5637	23.907	2021	07	10	1.14	8.79	22	28	35
121.7063	24.2007	2021	07	11	1.55	12.55	00	15	48
121.5808	23.7808	2021	07	11	1.7	5.62	00	47	22
121.681	24.1065	2021	07	11	2.61	8.27	01	38	47
121.68	24.1035	2021	07	11	2.75	9.02	01	39	07
121.6812	24.0902	2021	07	11	1.84	7.93	01	39	22
121.6862	24.0797	2021	07	11	1.4	8.17	01	39	31
121.6827	24.0845	2021	07	11	1.52	8.31	01	39	41
121.6827	24.0808	2021	07	11	1.44	8.69	01	40	10
121.6595	24.0943	2021	07	11	1.6	10.47	01	40	38
121.6767	24.1027	2021	07	11	2.38	10.37	01	45	22
121.6103	24.112	2021	07	11	1.61	9.35	01	45	35
121.648	24.1022	2021	07	11	1.62	11.46	01	46	49
121.45	23.9108	2021	07	11	2.41	14.6	04	03	26
121.6083	24.2888	2021	07	11	2.72	23.22	18	14	03
121.5788	23.865	2021	07	11	3.97	7.04	19	18	27
121.448	23.8205	2021	07	11	2.58	24.33	22	32	28
121.384	23.846	2021	07	12	1.15	16.25	07	13	13
121.6083	24.023	2021	07	12	3.53	32.41	08	30	04
121.6037	24.0188	2021	07	12	2.36	30.04	08	31	29
121.4173	23.8473	2021	07	12	1.63	18.45	10	48	08
121.5675	23.8873	2021	07	12	1.77	9.7	20	14	35
121.6028	23.9415	2021	07	12	2.39	8.03	22	20	56
121.602	23.9392	2021	07	12	3.53	7.88	23	41	16
121.6007	23.938	2021	07	12	3.56	8.66	23	41	35
121.6008	23.9462	2021	07	12	2.82	8.54	23	56	50
121.4323	23.8842	2021	07	13	1.6	18.2	01	22	54
121.594	23.9485	2021	07	13	2.47	8.09	01	24	55
121.592	23.9425	2021	07	13	2.7	8.29	02	17	21
121.611	23.8167	2021	07	13	2.35	39.65	02	43	10
121.5218	23.8912	2021	07	13	2.53	11.1	04	51	40
121.5898	23.9393	2021	07	13	2.59	7.91	05	33	30
121.5725	23.9113	2021	07	13	2.36	5.53	15	11	05
121.5313	23.551	2021	07	13	1.69	22.63	18	21	53
121.594	23.9405	2021	07	13	2.49	8.25	21	26	29
121.6002	23.9347	2021	07	13	2.33	8.86	21	27	51
121.5927	23.9387	2021	07	13	2.21	8.21	21	32	49
121.588	23.9325	2021	07	13	1.5	8.04	21	33	39
121.5997	23.935	2021	07	13	5.43	8.66	22	52	05
121.5857	23.9437	2021	07	13	4.65	8.28	22	53	08
121.6232	23.9175	2021	07	13	3.79	6.99	22	53	36
121.624	23.9308	2021	07	13	4.33	7.79	22	53	49
121.5813	23.9377	2021	07	13	3.72	8.07	22	54	39
121.571	23.9315	2021	07	13	3.15	8.78	22	55	54
121.5653	23.943	2021	07	13	2.63	9.41	22	56	40
121.5865	23.913	2021	07	13	3.49	9.02	22	57	03
121.585	23.9187	2021	07	13	2.18	9.54	22	58	15
121.5733	23.9242	2021	07	13	2.9	8.82	22	58	58
121.5757	23.9272	2021	07	13	3.05	9.19	22	59	09
121.6328	23.9263	2021	07	13	5.08	7.05	22	59	24
121.5708	23.9593	2021	07	13	3.38	9.25	23	00	35
121.5557	23.947	2021	07	13	3.02	9.5	23	00	43
121.5907	23.9618	2021	07	13	2.83	10.32	23	01	02
121.5685	23.931	2021	07	13	2.61	8.74	23	01	34
121.578	23.9187	2021	07	13	3.2	7.86	23	01	59
121.5522	23.8965	2021	07	13	1.97	6.08	23	02	22
121.5837	23.9357	2021	07	13	4.12	8.21	23	02	40
121.5757	23.9338	2021	07	13	3.68	9.04	23	03	01
121.5985	23.9082	2021	07	13	3.52	10.25	23	03	11
121.5778	23.9372	2021	07	13	3.21	9.53	23	03	58
121.5943	23.9067	2021	07	13	2.37	10.37	23	04	17
121.6262	23.9248	2021	07	13	3.48	6.92	23	05	42
121.5623	23.9232	2021	07	13	2.3	11.02	23	06	11
121.5835	23.9128	2021	07	13	4.11	8.97	23	06	58
121.5717	23.9283	2021	07	13	3.39	8.77	23	07	13
121.5938	23.9495	2021	07	13	2.41	10.23	23	08	05
121.5858	23.9178	2021	07	13	2.37	8.91	23	09	17
121.5818	23.9082	2021	07	13	2.8	5.98	23	09	36
121.6395	23.9215	2021	07	13	3.25	7.4	23	12	06
121.5772	23.9437	2021	07	13	2.4	9.54	23	12	24
121.5612	23.8992	2021	07	13	1.97	9.92	23	13	21
121.5765	23.9327	2021	07	13	2.21	9.66	23	14	05
121.6082	23.9537	2021	07	13	4.64	7.98	23	14	30
121.6158	23.9547	2021	07	13	4.06	9.35	23	14	45
121.6167	23.9455	2021	07	13	3.48	8.93	23	15	00
121.6193	23.946	2021	07	13	3.05	8.34	23	15	21
121.6093	23.9637	2021	07	13	2.97	5.15	23	15	41
121.5807	23.9027	2021	07	13	2.77	5.33	23	16	00
121.5765	23.9227	2021	07	13	2.19	9.43	23	16	18
121.5752	23.985	2021	07	13	2	8.84	23	17	22
121.5813	23.9015	2021	07	13	2.13	5.48	23	18	00
121.5628	23.93	2021	07	13	2.13	10.65	23	20	27
121.5602	23.9257	2021	07	13	2.05	8.24	23	20	49
121.5713	23.9322	2021	07	13	2.81	10.32	23	21	20
121.607	23.9508	2021	07	13	3.9	7.11	23	21	24
121.5813	23.935	2021	07	13	3.57	8.16	23	22	30
121.5672	23.928	2021	07	13	3.08	8.6	23	22	44
121.599	23.9803	2021	07	13	2.16	9.37	23	23	46
121.5707	23.9223	2021	07	13	1.5	9.46	23	24	00
121.5782	23.9632	2021	07	13	2.02	8.27	23	24	06
121.5818	23.9655	2021	07	13	3.77	7.91	23	24	26
121.561	23.988	2021	07	13	2.89	7.02	23	24	35
121.5797	23.9277	2021	07	13	3.12	8.84	23	25	03
121.5655	23.9462	2021	07	13	2.77	9.8	23	25	23
121.5685	23.9397	2021	07	13	2.6	7.63	23	25	47
121.5747	23.934	2021	07	13	3.14	8.12	23	25	59
121.546	23.9132	2021	07	13	2.24	7.58	23	26	19
121.5797	23.9688	2021	07	13	2.22	2.03	23	26	23
121.5588	23.9423	2021	07	13	2.44	10.63	23	26	38
121.6083	23.948	2021	07	13	2.36	10.67	23	29	21
121.5722	23.9282	2021	07	13	2.17	8.52	23	36	58
121.5785	23.9347	2021	07	13	3.45	8.72	23	37	34
121.5827	23.9538	2021	07	13	2.15	8.74	23	38	26
121.6008	23.9567	2021	07	13	1.59	8.74	23	38	44
121.5772	23.9425	2021	07	13	2.02	12.74	23	42	36
121.5772	23.9297	2021	07	13	2.93	7.62	23	42	56
121.5765	23.9222	2021	07	13	2.56	12.77	23	43	30
121.5842	23.9235	2021	07	13	2.49	10.86	23	43	45
121.6017	23.8827	2021	07	13	1.69	5.55	23	45	08
121.632	23.9342	2021	07	13	5.12	5.37	23	45	27
121.6115	23.9343	2021	07	13	2.4	9.41	23	49	45
121.5747	23.907	2021	07	13	2.23	6.29	23	52	53
121.605	23.9582	2021	07	13	2.44	8.17	23	56	42
121.5888	23.9657	2021	07	13	2.01	12.13	23	56	55
121.5873	23.9647	2021	07	13	2.06	9.27	23	57	09
121.629	23.9335	2021	07	13	2.45	13.11	23	57	50
121.533	23.9432	2021	07	13	1.83	15.09	23	58	48
121.5813	23.9698	2021	07	14	2.89	7.63	00	11	27
121.6085	23.9503	2021	07	14	4.23	5.77	00	11	57
121.5922	23.9132	2021	07	14	2.33	8.3	00	13	05
121.5888	23.9227	2021	07	14	1.72	9.03	00	16	17
121.5765	23.9717	2021	07	14	2.14	10.19	00	16	29
121.6318	23.9342	2021	07	14	3.31	6.86	00	16	56
121.5763	23.923	2021	07	14	2.24	7.12	00	18	08
121.5618	23.9327	2021	07	14	1.92	9.5	00	18	45
121.5843	23.9263	2021	07	14	2.35	9.11	00	26	54
121.5748	23.9258	2021	07	14	2.46	7.44	00	37	08
121.5865	23.926	2021	07	14	2.51	7.66	00	43	29
121.5748	23.9752	2021	07	14	2.43	9.47	00	49	44
121.579	23.9723	2021	07	14	2.49	9.12	00	50	08
121.5815	23.9715	2021	07	14	3.25	8.93	00	50	35
121.581	23.9797	2021	07	14	3.19	9.31	00	50	43
121.578	23.977	2021	07	14	2.49	7.87	00	52	36
121.6218	23.938	2021	07	14	2.39	6.2	00	59	59
121.582	23.9805	2021	07	14	2.18	7.99	01	20	14
121.5678	23.9232	2021	07	14	2.26	12.78	01	29	13
121.4547	23.908	2021	07	14	3.57	21.28	01	51	00
121.6573	23.931	2021	07	14	3	7.07	01	56	21
121.6467	23.9287	2021	07	14	3.35	6.17	01	56	45
121.567	23.9873	2021	07	14	2.34	6.92	02	17	21
121.5762	23.9307	2021	07	14	2.77	9.4	02	18	32
121.5995	23.8892	2021	07	14	3.02	5.27	02	18	56
121.6138	23.9583	2021	07	14	3.59	7.42	02	19	19
121.5715	23.9275	2021	07	14	2.82	13.44	02	32	40
121.582	23.9767	2021	07	14	3.27	7.95	02	37	03
121.557	23.9988	2021	07	14	2.39	8.01	02	37	19
121.5625	23.993	2021	07	14	2.14	9.24	02	37	27
121.605	23.9548	2021	07	14	1.53	7.65	02	37	47
121.602	23.97	2021	07	14	2.45	9.2	02	43	52
121.585	23.9942	2021	07	14	2.28	13.16	02	44	04
121.5787	23.9747	2021	07	14	1.54	9.01	02	56	17
121.6027	23.968	2021	07	14	4.03	7.04	03	18	47
121.6093	23.9548	2021	07	14	2.43	11.13	03	19	39
121.6043	23.965	2021	07	14	2.18	10.08	03	20	07
121.5778	23.9708	2021	07	14	1.97	7.83	03	20	44
121.6047	23.9668	2021	07	14	3.1	7.61	03	23	19
121.604	23.9575	2021	07	14	1.7	8.6	03	23	59
121.583	23.9155	2021	07	14	1.81	6.85	03	27	58
121.5873	23.9188	2021	07	14	2.04	8.42	03	28	06
121.587	23.964	2021	07	14	4.62	8.58	03	36	33
121.5793	23.9765	2021	07	14	2.96	10.19	03	37	24
121.5673	23.9752	2021	07	14	2.56	9.47	03	38	11
121.5827	23.9048	2021	07	14	2.76	5.9	03	38	41
121.5803	23.9403	2021	07	14	2.64	8.6	03	42	44
121.5698	23.9327	2021	07	14	3.18	7.47	03	59	11
121.5473	23.9175	2021	07	14	2.03	8.8	03	59	36
121.5583	23.8363	2021	07	14	2.34	7.97	03	59	58
121.6105	23.9622	2021	07	14	2.9	5.68	04	10	41
121.6035	23.9563	2021	07	14	2.93	5.93	04	16	25
121.6152	23.9523	2021	07	14	1.85	8.15	04	16	54
121.6048	23.9587	2021	07	14	2.05	5.95	04	17	05
121.6087	23.9575	2021	07	14	3.09	5.9	04	18	36
121.6187	23.9567	2021	07	14	2	8.68	04	19	14
121.6035	23.9582	2021	07	14	3.77	6.42	04	28	27
121.59	23.9513	2021	07	14	2.85	9.55	04	28	53
121.6033	23.9592	2021	07	14	2.09	10.39	04	29	31
121.596	23.9625	2021	07	14	1.93	8.29	04	29	39
121.6105	23.949	2021	07	14	1.83	8.05	04	29	49
121.6108	23.9628	2021	07	14	3.1	5.12	04	30	45
121.6183	23.954	2021	07	14	2.18	6.81	04	31	22
121.5843	23.98	2021	07	14	3.75	7.57	04	38	18
121.5797	23.974	2021	07	14	2.02	9.68	04	39	26
121.5613	23.9485	2021	07	14	2.41	10.27	05	34	16
121.584	23.9638	2021	07	14	2.99	7.52	06	08	28
121.6038	23.9637	2021	07	14	2.88	5.57	06	26	26
121.6092	23.9573	2021	07	14	2.38	7.01	06	27	00
121.5727	23.9387	2021	07	14	2.78	9.03	06	32	12
121.573	23.9405	2021	07	14	2.21	9.48	06	32	45
121.598	23.9633	2021	07	14	2.43	5.52	06	34	56
121.587	23.978	2021	07	14	1.86	2.52	06	35	26
121.5918	23.9277	2021	07	14	2.29	8.34	06	38	20
121.569	23.9322	2021	07	14	2.64	11.76	06	42	52
121.585	23.9385	2021	07	14	2.25	8.37	06	44	40
121.5798	23.9292	2021	07	14	2.35	12.6	06	44	48
121.6172	23.9568	2021	07	14	2.63	8.73	07	29	05
121.596	23.9532	2021	07	14	2.53	9.7	07	29	13
121.5872	23.9563	2021	07	14	3.17	6.88	08	08	37
121.5797	23.9487	2021	07	14	3.03	9.67	08	08	45
121.5788	23.9485	2021	07	14	2.28	9.32	08	09	30
121.5853	23.9502	2021	07	14	2.92	7.87	08	09	54
121.5757	23.9488	2021	07	14	2.58	10.98	08	10	10
121.5778	23.9452	2021	07	14	1.85	9.3	08	11	17
121.578	23.944	2021	07	14	1.77	8.83	08	14	22
121.5765	23.9492	2021	07	14	1.32	9	08	14	38
121.5713	23.9808	2021	07	14	1.4	8.67	08	17	26
121.5805	23.9475	2021	07	14	2.26	7.18	08	17	33
121.571	23.9267	2021	07	14	2.39	7.22	08	24	15
121.5803	23.9142	2021	07	14	2.64	5.57	08	30	08
121.5762	23.9265	2021	07	14	3.11	9.17	08	49	33
121.5807	23.9288	2021	07	14	1.86	9.77	08	51	04
121.5657	23.9378	2021	07	14	2.42	7.77	09	15	19
121.5838	23.9708	2021	07	14	3.06	8.35	09	16	05
121.5857	23.977	2021	07	14	3.58	8.22	09	18	55
121.5645	23.9943	2021	07	14	2.14	6.43	09	20	04
121.5675	23.9495	2021	07	14	1.45	8.54	09	21	25
121.5778	23.9765	2021	07	14	3.27	8.24	09	30	43
121.5827	23.9975	2021	07	14	1.28	10.13	09	31	35
121.5948	23.9978	2021	07	14	2.48	10.1	09	33	39
121.57	23.9308	2021	07	14	2.07	10.15	09	33	56
121.5458	23.9105	2021	07	14	1.83	6.95	09	51	59
121.5983	24.007	2021	07	14	1.95	9.45	12	00	57
121.5992	24.0092	2021	07	14	1.64	9.21	12	01	12
121.6048	24.0023	2021	07	14	1.43	11.12	12	02	15
121.5977	23.9817	2021	07	14	2.97	8.04	12	08	23
121.5837	23.992	2021	07	14	2.12	9.58	12	09	05
121.5818	23.9282	2021	07	14	2.94	7.91	12	13	20
121.5635	23.9227	2021	07	14	2.14	10.38	12	13	43
121.5787	23.9312	2021	07	14	2.81	7.04	12	37	04
121.5772	23.9447	2021	07	14	2.23	10.25	12	37	33
121.5685	23.943	2021	07	14	1.2	11.32	12	38	06
121.5953	23.9752	2021	07	14	1.84	9.59	12	47	24
121.59	23.9733	2021	07	14	4.3	9.27	12	55	33
121.5807	23.9773	2021	07	14	3.1	9.62	12	56	02
121.5787	23.9828	2021	07	14	2.02	9.67	12	57	18
121.5845	23.95	2021	07	14	3.41	7.9	13	53	05
121.5777	23.9448	2021	07	14	2.78	9.15	13	53	53
121.5785	23.9435	2021	07	14	2.78	9.97	13	54	05
121.5767	23.9357	2021	07	14	1.65	9.36	13	54	26
121.613	23.953	2021	07	14	2.35	7.13	13	55	58
121.5992	23.9643	2021	07	14	3.01	6.26	14	47	04
121.5757	23.9403	2021	07	14	2.56	8.81	15	03	59
121.582	23.9328	2021	07	14	3.56	7.6	15	19	32
121.5858	23.9602	2021	07	14	1.57	8.66	15	20	44
121.5625	23.9108	2021	07	14	1.05	6.02	15	20	56
121.5955	23.9893	2021	07	14	2.18	7.11	15	23	22
121.5802	23.9343	2021	07	14	1.93	12.7	16	11	22
121.5943	23.9273	2021	07	14	3.15	9.78	16	12	08
121.579	23.9943	2021	07	14	2.32	9.26	16	12	36
121.4698	23.9225	2021	07	14	2.54	17.51	16	30	52
121.588	23.9215	2021	07	14	2.61	7.42	16	57	18
121.588	23.9252	2021	07	14	4.76	7.72	17	00	44
121.5788	23.9098	2021	07	14	3.23	6.82	17	01	21
121.5802	23.9573	2021	07	14	2.4	8.72	17	02	20
121.4363	23.8317	2021	07	14	3.94	17.59	17	16	19
121.5715	23.9253	2021	07	14	2.45	9.57	17	23	41
121.5782	23.92	2021	07	14	1.98	12.98	17	24	56
121.5853	23.9128	2021	07	14	2.67	6.41	17	27	29
121.5855	23.9142	2021	07	14	2.33	7.06	17	42	43
121.5967	23.915	2021	07	14	2.39	9.48	17	44	05
121.6033	23.9152	2021	07	14	2.55	8.18	18	04	42
121.5765	23.8297	2021	07	14	2.52	6.89	18	11	42
121.5788	23.8317	2021	07	14	2.59	6.28	18	15	48
121.5738	23.912	2021	07	14	2.76	7.77	18	16	16
121.5707	23.8263	2021	07	14	2.3	6.83	18	29	14
121.5747	23.8258	2021	07	14	2.41	6.68	18	32	24
121.5447	23.8317	2021	07	14	1.3	6.58	18	33	39
121.5702	23.8322	2021	07	14	2.44	8.07	18	34	16
121.58	23.9718	2021	07	14	1.33	8.48	18	35	44
121.566	23.829	2021	07	14	2.25	7.3	18	47	25
121.5848	23.9828	2021	07	14	1.18	13.25	18	48	15
121.5902	23.9075	2021	07	14	2.91	7.35	19	01	24
121.5553	23.9047	2021	07	14	2.8	5.64	19	01	31
121.5715	23.8263	2021	07	14	2.8	6.42	19	07	10
121.4608	23.8043	2021	07	14	2.71	10.63	19	07	33
121.5698	23.759	2021	07	14	2.35	23.92	19	19	06
121.5767	23.833	2021	07	14	2.15	6.45	19	46	23
121.5788	23.8308	2021	07	14	3.05	6.91	19	47	02
121.6047	23.987	2021	07	14	2.52	7.19	19	48	03
121.59	23.8675	2021	07	14	2.33	37.68	20	14	17
121.6018	23.973	2021	07	14	2.76	8.57	22	00	28
121.585	23.9813	2021	07	14	2.4	8.09	22	38	43
121.586	23.9765	2021	07	14	1.71	8.89	22	39	26
121.5903	23.9268	2021	07	14	2.38	6.5	22	46	22
121.5705	23.8888	2021	07	14	1.57	7.8	23	48	20
121.5802	23.9528	2021	07	14	2.41	8.74	23	57	41
121.585	23.9398	2021	07	15	2.46	10.88	00	24	21
121.4625	23.9415	2021	07	15	2.44	16.11	00	29	39
121.5988	23.9732	2021	07	15	2.02	8.26	00	46	08
121.6047	23.9777	2021	07	15	3.4	7.19	00	46	33
121.599	23.9737	2021	07	15	2.93	8.05	00	46	51
121.5958	23.9758	2021	07	15	2.35	9.04	00	47	13
121.5982	23.9747	2021	07	15	2.26	7.96	00	49	09
121.595	23.9543	2021	07	15	2.4	8.11	02	46	12
121.5985	23.9772	2021	07	15	2.42	5.68	03	21	18
121.6005	23.9767	2021	07	15	2.86	6.48	04	58	36
121.5605	23.9727	2021	07	15	1.56	4.8	04	59	23
121.5545	23.9318	2021	07	15	2.06	12.29	05	23	29
121.6058	23.9802	2021	07	15	2.26	8.44	06	10	14
121.4895	23.9585	2021	07	15	2.75	17.08	10	06	33
121.5902	23.9675	2021	07	15	1.67	6.87	10	35	11
121.5718	23.9397	2021	07	15	1.68	8.83	10	35	22
121.6	23.9738	2021	07	15	2.71	6.57	10	40	15
121.598	23.9783	2021	07	15	3.17	7.47	10	40	34
121.5992	23.9682	2021	07	15	2.88	8.31	10	50	43
121.5905	23.9713	2021	07	15	2.98	10.3	12	30	28
121.5788	24.0003	2021	07	15	2.46	9.42	12	36	02
121.589	23.996	2021	07	15	3.21	9.73	12	36	08
121.6128	23.9988	2021	07	15	2.53	12.57	12	36	53
121.5987	23.9802	2021	07	15	1.42	7.31	12	39	26
121.5942	23.9827	2021	07	15	1.57	8.99	12	39	42
121.5995	23.9915	2021	07	15	2.65	7.11	12	39	51
121.602	23.9797	2021	07	15	3.62	8.36	12	40	27
121.5933	23.9808	2021	07	15	1.99	10.67	12	41	10
121.4773	23.9102	2021	07	15	2.38	15.95	15	38	23
121.608	23.9648	2021	07	15	2.38	6.3	15	59	37
121.5977	23.9713	2021	07	15	2.81	7.94	16	34	42
121.582	23.9128	2021	07	15	2.27	6.55	16	53	24
121.5927	23.9793	2021	07	15	2.61	7.35	17	39	58
121.4818	23.9228	2021	07	15	2.53	14.87	18	13	24
121.5632	23.9212	2021	07	15	1.52	9.28	18	14	00
121.5842	23.8985	2021	07	15	2.46	7.91	19	03	52
121.582	23.925	2021	07	15	2.31	9.47	20	25	59
121.578	23.9412	2021	07	15	2.72	8.85	21	04	38
121.5943	23.9935	2021	07	15	2.84	8.53	21	30	50
121.5908	23.9932	2021	07	15	2.61	10.6	21	31	08
121.601	23.978	2021	07	15	2.06	12.42	21	31	57
121.5828	23.9803	2021	07	15	2.16	9.51	23	02	38
121.5792	24.0078	2021	07	15	2.05	7.59	23	02	42
121.5873	23.9775	2021	07	15	4.82	7.36	23	05	04
121.5822	23.979	2021	07	15	2.95	9.13	23	05	56
121.578	23.9787	2021	07	15	2.94	9.77	23	06	33
121.582	23.9852	2021	07	15	2.4	9.48	23	07	07
121.5807	23.9722	2021	07	15	2.79	9.41	23	07	31
121.5848	23.9775	2021	07	15	3.67	7.77	23	07	43
121.581	23.9818	2021	07	15	2.7	9.32	23	08	02
121.5853	23.9848	2021	07	15	2.33	10.85	23	08	16
121.5755	23.9743	2021	07	15	1.84	10.06	23	08	51
121.5835	23.976	2021	07	15	1.63	8.72	23	08	57
121.5787	23.9738	2021	07	15	3.11	8.82	23	10	28
121.5797	23.972	2021	07	15	3.26	7.88	23	10	35
121.5837	23.9708	2021	07	15	2.1	8.11	23	11	18
121.585	23.9713	2021	07	15	2.24	9.51	23	11	55
121.582	23.975	2021	07	15	2.87	7.87	23	14	53
121.5802	23.9722	2021	07	15	2.1	8.92	23	15	39
121.5977	23.9872	2021	07	15	3.3	6.57	23	16	30
121.5982	23.9983	2021	07	15	2.35	9.14	23	17	53
121.5962	23.988	2021	07	15	2.19	7.48	23	20	17
121.5993	23.9715	2021	07	15	2.65	7.7	23	21	39
121.584	23.9967	2021	07	15	2.03	9.88	23	22	15
121.5955	23.991	2021	07	15	2.08	7.87	23	22	49
121.6085	23.9618	2021	07	15	2.64	8.65	23	24	24
121.6148	23.9585	2021	07	15	2.49	9.74	23	24	36
121.6038	23.9698	2021	07	15	4.94	6.68	23	29	26
121.5862	23.9652	2021	07	15	3.8	10.11	23	29	47
121.601	23.9813	2021	07	15	3.94	7.67	23	30	25
121.6108	23.9602	2021	07	15	3.64	9.12	23	30	45
121.6027	23.9602	2021	07	15	3.55	7.78	23	31	06
121.5962	23.9683	2021	07	15	4.37	8.82	23	31	46
121.5967	23.9957	2021	07	15	3.06	9.53	23	32	46
121.6003	23.9798	2021	07	15	2.15	9.98	23	33	11
121.5967	23.9785	2021	07	15	4.45	8.69	23	33	29
121.5965	23.9765	2021	07	15	4.39	10.37	23	33	34
121.5902	23.9727	2021	07	15	4.07	11.15	23	33	42
121.6102	23.9513	2021	07	15	3.64	7.76	23	34	18
121.596	23.9738	2021	07	15	3.59	10.14	23	35	10
121.5938	23.9815	2021	07	15	2.92	9.04	23	35	39
121.5898	23.9767	2021	07	15	2.52	9.93	23	36	35
121.6113	23.9565	2021	07	15	2.7	6.17	23	37	45
121.5952	23.9775	2021	07	15	2.62	9.06	23	37	59
121.5917	23.9798	2021	07	15	2.28	8.32	23	38	31
121.5837	23.9768	2021	07	15	3.78	8	23	49	30
121.5887	23.9813	2021	07	15	3.6	8.24	23	50	05
121.5838	23.9813	2021	07	15	3.26	7.77	23	54	25
121.5905	23.961	2021	07	15	2.95	8.66	23	56	09
121.5968	23.9693	2021	07	16	1.85	6.86	00	04	18
121.597	23.9872	2021	07	16	2.21	7.51	00	04	59
121.5822	23.9807	2021	07	16	2.02	8.7	00	05	51
121.6317	23.9193	2021	07	16	1.84	6.27	00	46	01
121.6308	23.907	2021	07	16	2.36	6.26	00	47	29
121.5857	23.9757	2021	07	16	3.16	7.68	01	08	04
121.5802	23.9785	2021	07	16	2.24	8.75	01	08	45
121.5787	23.9758	2021	07	16	2.29	7.93	01	11	47
121.5862	23.9815	2021	07	16	2.52	9.3	01	35	35
121.5807	23.9862	2021	07	16	2.33	9.95	02	00	02
121.6	23.9675	2021	07	16	2.49	8.24	02	42	36
121.61	24.0143	2021	07	16	1.83	2.15	03	49	25
121.6048	23.9823	2021	07	16	2.57	8.16	05	49	27
121.5853	23.9753	2021	07	16	2.19	8.63	06	19	18
121.6292	24.2465	2021	07	16	2.48	19	06	34	02
121.6518	23.9147	2021	07	16	1.74	7.04	07	04	40
121.5478	23.628	2021	07	16	2.45	28.87	07	21	02
121.6143	23.9447	2021	07	16	2.82	6.94	11	28	53
121.6068	23.991	2021	07	16	2.71	6.83	12	07	13
121.6013	23.9942	2021	07	16	2.78	7.92	12	09	32
121.6035	23.9863	2021	07	16	1.65	9.57	12	10	33
121.5927	23.983	2021	07	16	2.3	8.28	12	43	56
121.6037	23.9608	2021	07	16	2.61	6.2	13	48	47
121.5943	23.999	2021	07	16	4.1	7.38	14	14	01
121.5952	24.0007	2021	07	16	2.33	9.89	16	48	18
121.5927	23.997	2021	07	16	2.93	7.42	16	54	44
121.5932	23.9937	2021	07	16	2.5	5.54	17	09	57
121.5803	23.9207	2021	07	16	2.98	7.06	19	21	39
121.5887	23.9255	2021	07	16	3.64	7.25	19	22	24
121.5773	23.9988	2021	07	16	3.97	9.5	19	59	47
121.5833	23.9805	2021	07	16	3.57	8.56	20	00	47
121.5718	24.0005	2021	07	16	3.25	9.31	20	00	53
121.581	23.9813	2021	07	16	2.41	9.77	20	01	16
121.59	23.9968	2021	07	16	2.89	9.71	20	06	35
121.5803	23.9997	2021	07	16	2.95	9.01	20	24	49
121.5938	23.969	2021	07	16	2.72	8.22	21	48	44
121.5867	23.9783	2021	07	16	1.99	7.72	22	42	58
121.5642	23.9175	2021	07	16	1.66	11.84	23	16	02
121.5892	23.998	2021	07	16	2.17	9.98	23	16	50
121.5727	23.9975	2021	07	16	1.4	10.73	23	17	18
121.6128	23.9467	2021	07	17	3.12	6.83	00	42	46
121.618	23.9455	2021	07	17	3.51	6.49	00	43	12
121.6177	23.945	2021	07	17	2.51	8.46	00	43	54
121.5662	23.9218	2021	07	17	2.52	6.51	03	23	47
121.4418	23.6515	2021	07	17	2.44	29.64	04	16	32
121.6163	24.0477	2021	07	17	2.22	8.19	06	31	06
121.6007	23.9652	2021	07	17	2.45	8.21	08	41	53
121.5077	24.2277	2021	07	17	2.23	48.35	13	10	43
121.7015	24.0297	2021	07	17	2.34	23.26	14	06	11
121.5867	24.0382	2021	07	17	3.23	6.37	15	36	38
121.6282	24.0362	2021	07	17	2.73	7.55	15	36	48
121.6565	24.0493	2021	07	17	3.56	7.33	15	37	03
121.6123	24.0405	2021	07	17	2.78	8.85	15	37	38
121.6465	24.0473	2021	07	17	2.98	6.57	15	38	07
121.6062	24.0387	2021	07	17	2.57	7.1	15	38	26
121.6053	24.0423	2021	07	17	2.1	8.44	15	39	07
121.5425	23.781	2021	07	17	2.46	45.63	18	04	40
121.5675	23.8988	2021	07	17	3.14	8.42	19	07	22
121.4837	23.9267	2021	07	17	2.95	15.61	20	21	36
121.7272	24.2053	2021	07	17	2.32	10.31	23	31	32
121.4353	23.7578	2021	07	18	3.91	22.52	00	11	32
121.5225	23.5438	2021	07	18	3.13	32.2	00	28	29
121.535	23.8242	2021	07	18	2.36	7.89	01	10	52
121.6367	23.9287	2021	07	18	2.82	5.21	01	27	00
121.7272	24.2078	2021	07	18	2.92	9.8	01	59	59
121.5815	23.9735	2021	07	18	2.88	8.11	03	52	31
121.5817	23.9723	2021	07	18	2.36	8.31	03	53	11
121.5832	23.9755	2021	07	18	2.59	8.14	04	00	21
121.5385	23.8247	2021	07	18	3.42	7.34	04	35	49
121.5782	23.976	2021	07	18	2.23	9	04	37	11
121.5788	23.9122	2021	07	18	3	6.07	07	45	47
121.6148	24.0312	2021	07	18	4.45	8.28	11	25	42
121.6198	24.0338	2021	07	18	3.62	10.48	11	26	08
121.6138	24.0433	2021	07	18	3.39	9.96	11	26	24
121.6043	24.0223	2021	07	18	3.16	7.45	11	26	54
121.5905	24.0325	2021	07	18	2.81	8.26	11	26	59
121.5833	24.0433	2021	07	18	2.09	7.2	11	27	19
121.6263	24.0555	2021	07	18	1.74	9.36	11	28	15
121.5707	24.0612	2021	07	18	1.34	9.59	11	28	31
121.6282	24.0365	2021	07	18	2.87	8.96	11	29	46
121.5878	24.0495	2021	07	18	1.57	8.26	11	30	12
121.616	24.0467	2021	07	18	1.86	9.86	11	30	40
121.5245	23.5417	2021	07	18	2.76	33.75	12	15	19
121.5885	24.0295	2021	07	18	2.25	7.95	12	15	49
121.6408	23.9328	2021	07	18	2.17	9.29	12	31	28
121.6083	24.0325	2021	07	18	1.79	8.09	13	26	44
121.6343	23.9058	2021	07	18	2.31	6.48	14	03	42
121.6213	23.9003	2021	07	18	2.37	5.94	14	03	48
121.6038	23.9667	2021	07	18	2.59	7.14	14	59	41
121.4653	23.9367	2021	07	18	3	18.39	15	25	02
121.5822	23.9388	2021	07	18	4.04	8.32	18	40	46
121.5695	23.9227	2021	07	18	2.49	7.54	18	41	21
121.5733	23.9297	2021	07	18	2.33	9.05	18	41	43
121.5778	23.9302	2021	07	18	2.77	9.36	18	44	48
121.5738	23.9417	2021	07	18	2.18	9.32	18	45	21
121.5788	23.932	2021	07	18	2.65	8.85	18	54	36
121.5742	23.9327	2021	07	18	2.37	8.65	20	21	38
121.5505	23.9107	2021	07	18	1.25	12.76	20	22	21
121.5887	24.034	2021	07	19	2.35	4.38	01	09	35
121.6048	24.0363	2021	07	19	2.36	7.72	01	20	28
121.568	23.9252	2021	07	19	2.29	8.8	02	28	31
121.5682	23.9272	2021	07	19	2.32	8.93	02	40	57
121.5632	23.9218	2021	07	19	2.25	8.38	03	23	02
121.6002	23.959	2021	07	19	2.54	7.43	19	34	52
121.5827	23.9435	2021	07	19	2.71	9	20	34	46
121.5818	23.9443	2021	07	19	2.68	7.27	20	34	49
121.7225	24.2077	2021	07	19	2.99	10.63	22	06	09
121.7035	24.2168	2021	07	19	2.16	10.03	22	06	39
121.6923	24.2242	2021	07	19	2.39	9.61	22	06	44
121.7107	24.2133	2021	07	19	1.86	10.44	22	07	03
121.6962	24.2227	2021	07	19	2.39	11.39	22	09	39
121.705	24.2173	2021	07	19	1.79	7.43	22	09	59
121.7103	24.217	2021	07	19	1.38	8.15	22	10	26
121.7065	24.2115	2021	07	19	2.02	11.45	22	11	14
121.7113	24.2175	2021	07	19	1.53	11.02	22	13	34
121.7237	24.2187	2021	07	19	2.96	10.37	22	18	05
121.7	24.2162	2021	07	19	1.84	11.16	22	18	44
121.6978	24.2195	2021	07	19	1.75	11.18	22	18	55
121.7	24.211	2021	07	19	1.93	11.69	22	19	30
121.6962	24.2225	2021	07	19	2.01	10.73	22	20	25
121.7082	24.212	2021	07	19	2.06	11.14	22	32	43
121.6912	24.2223	2021	07	19	1.61	10.4	22	33	14
121.7005	24.2137	2021	07	19	1.98	11.2	23	05	08
121.6268	23.7783	2021	07	20	2.48	39.06	00	34	33
121.5367	23.4952	2021	07	20	2.11	42.93	01	14	53
121.5833	23.987	2021	07	20	2.06	12.97	02	25	44
121.5987	23.9565	2021	07	20	2.04	10	02	58	51
121.4408	23.7868	2021	07	20	1.78	8.21	03	23	23
121.7008	24.2625	2021	07	20	1.72	7.99	03	25	48
121.6182	24.145	2021	07	20	1.48	3.72	03	33	04
121.6188	24.15	2021	07	20	1.38	4	03	41	01
121.6087	24.145	2021	07	20	1.2	4.01	03	44	12
121.579	23.9168	2021	07	20	1.6	8.76	03	46	31
121.565	23.9117	2021	07	20	2.18	5.59	05	49	11
121.4133	23.8207	2021	07	20	1.53	25.45	06	58	44
121.6278	24.1198	2021	07	20	1.97	39.83	07	25	32
121.5773	23.8485	2021	07	20	1.79	9.62	08	37	58
121.589	23.8457	2021	07	20	1.96	7.01	09	00	29
121.5658	23.8498	2021	07	20	1.9	9.63	09	22	08
121.6923	23.7037	2021	07	20	1.99	35.83	10	21	52
121.5672	23.9097	2021	07	20	1.87	9.5	11	12	25
121.587	24.0328	2021	07	20	1.62	9.86	13	50	20
121.5957	24.011	2021	07	20	1.84	9.35	14	40	50
121.601	24.0015	2021	07	20	1.67	6.94	15	25	39
121.7053	23.544	2021	07	20	2.28	28.24	15	51	29
121.5742	23.9485	2021	07	20	1.5	12.63	15	58	52
121.5453	23.8902	2021	07	20	1.54	20.34	18	00	53
121.5977	24.0143	2021	07	20	1.53	10.34	18	29	59
121.6867	23.9078	2021	07	20	1.69	26.6	18	33	42
121.5723	23.883	2021	07	20	1.61	9.49	18	41	00
121.4337	23.8177	2021	07	20	1.64	16.18	19	10	47
121.4438	23.9122	2021	07	20	2.63	17.3	20	02	45
121.6652	23.989	2021	07	20	1.37	15.62	20	17	42
121.5708	23.993	2021	07	20	1.56	9.93	20	42	23
121.6288	23.9102	2021	07	20	1.49	12.17	20	52	38
121.6935	23.9172	2021	07	20	1.91	23.76	21	25	19
121.4078	23.8438	2021	07	20	1.05	15.82	21	36	25
121.448	23.8177	2021	07	20	1.41	12.02	21	52	37
121.5147	23.9097	2021	07	20	1.34	20.71	21	56	41
121.5418	23.9007	2021	07	20	1.74	20.61	22	25	37
121.5908	23.9933	2021	07	20	2	7.8	22	32	16
121.5847	24.0082	2021	07	20	2.1	7.07	22	32	27
121.5925	23.9875	2021	07	20	1.9	7.58	22	32	49
121.5313	23.878	2021	07	21	2.03	12.7	07	02	35
121.5488	23.5773	2021	07	21	2.91	31.34	10	24	55
121.287	23.9617	2021	07	21	1.18	2.6	19	24	23
121.5775	23.8997	2021	07	21	3.16	7.63	20	56	06
121.5597	23.9045	2021	07	22	2.56	12.07	00	07	02
121.575	23.9045	2021	07	22	3.56	6.87	02	12	24
121.6162	24.151	2021	07	22	1.48	5.36	03	33	31
121.4238	23.8258	2021	07	22	2.25	19.31	18	13	59
121.6488	23.9057	2021	07	22	2.1	36.06	20	32	09
121.5925	24.1917	2021	07	23	2.1	19.84	08	49	01
121.6145	24.0087	2021	07	23	2.72	7.59	13	20	44
121.4745	23.91	2021	07	23	2.55	15.02	15	39	03
121.6033	24.0115	2021	07	23	3	8.2	15	55	41
121.6083	24.0185	2021	07	23	2.63	12.32	16	00	49
121.6868	24.1468	2021	07	23	3.54	9.49	19	44	36
121.4775	23.9583	2021	07	23	2.84	17.36	23	58	08
121.4942	23.9143	2021	07	24	1.93	33.84	03	18	25
121.6587	24.0575	2021	07	24	1.97	44.01	10	07	39
121.5297	23.8403	2021	07	24	1.32	10.08	13	59	26
121.4147	23.805	2021	07	24	3.04	26.45	23	25	43
121.632	23.9125	2021	07	25	1.91	11.27	02	28	00
121.6258	23.9135	2021	07	25	2.04	7.86	02	28	12
121.5855	23.834	2021	07	25	1.84	23.92	04	27	06
121.562	23.8295	2021	07	25	1.53	19.66	08	35	23
121.714	23.9427	2021	07	26	2.57	50	02	22	01
121.6028	23.992	2021	07	26	2.12	8.31	06	30	45
121.6903	23.7782	2021	07	26	2.42	42.49	07	32	42
121.5963	23.898	2021	07	26	2.32	19.79	08	45	03
121.6127	24.0023	2021	07	26	4.27	8.98	11	39	59
121.6208	24.0082	2021	07	26	4.64	8.67	11	40	11
121.4797	23.9183	2021	07	26	2.04	15.22	11	51	50
121.608	24.0027	2021	07	26	1.95	13.47	11	52	22
121.5313	24.0547	2021	07	26	3.05	17.36	14	21	40
121.6088	24.0035	2021	07	26	3.27	8.72	14	59	26
121.5998	24.0012	2021	07	26	2.26	8.85	14	59	57
121.6092	24.0202	2021	07	26	2.28	9.38	15	14	35
121.446	23.8763	2021	07	26	3.28	17.87	17	31	01
121.4297	23.8658	2021	07	26	1.87	16.8	17	31	37
121.4412	23.8812	2021	07	26	2.16	15.53	19	34	54
121.458	23.9243	2021	07	26	1.42	17.46	19	35	17
121.5137	23.885	2021	07	26	2.86	10.42	20	00	17
121.5745	23.857	2021	07	27	2.37	7.17	00	41	53
121.5788	24.0492	2021	07	27	1.23	8.13	04	08	19
121.5288	24.0832	2021	07	27	2.23	48.6	04	08	32
121.4605	23.7945	2021	07	27	2.93	11.38	05	44	08
121.6952	24.0982	2021	07	27	1.37	9.49	06	14	12
121.7005	23.8027	2021	07	27	2.43	45	08	07	44
121.4343	23.8722	2021	07	27	1.72	18.33	13	52	08
121.5858	24.0037	2021	07	27	1.75	9.68	19	19	26
121.619	24.0348	2021	07	27	2.61	7.86	19	19	55
121.6132	24.0065	2021	07	27	1.32	9.93	21	04	07
121.6042	24.0095	2021	07	27	1.54	7.69	21	04	22
121.6088	24.0103	2021	07	27	1.92	8.11	21	05	01
121.5085	23.5645	2021	07	28	1.4	32.2	04	57	46
121.4328	23.847	2021	07	28	2.45	16.82	08	47	21
121.559	23.7338	2021	07	28	1.88	24.55	11	07	28
121.6757	24.1253	2021	07	28	2.25	10.62	11	28	59
121.4027	23.6498	2021	07	28	2.28	9.72	12	37	33
121.4095	23.6578	2021	07	28	1.82	10.01	12	38	19
121.4143	23.6542	2021	07	28	2.68	9.49	12	43	35
121.501	23.8752	2021	07	28	1.32	14.69	13	29	47
121.5785	23.5137	2021	07	28	2.44	38.59	14	13	51
121.6125	23.9982	2021	07	28	1.02	6.38	17	02	46
121.536	23.8368	2021	07	28	1.62	9.38	19	09	58
121.6065	24.1368	2021	07	29	1.41	5.81	08	30	33
121.516	23.5363	2021	07	29	2.7	31.62	09	23	00
121.5198	24.0398	2021	07	29	4.13	17.77	10	41	37
121.536	24.0252	2021	07	29	2.97	15.71	10	42	00
121.4787	23.8507	2021	07	29	1.21	8.36	11	36	04
121.451	23.9155	2021	07	29	4.18	19.4	15	21	17
121.5205	24.041	2021	07	29	2.75	17.15	17	23	17
121.585	23.8432	2021	07	29	4.69	4.78	22	55	17
121.587	23.846	2021	07	30	2.58	5.33	02	10	22
121.6118	24.0017	2021	07	31	2.42	6.57	01	58	30
121.5957	23.9933	2021	07	31	2.91	6.6	02	41	15
121.6065	24.1372	2021	07	31	1.16	1.33	03	32	13
121.5015	23.8577	2021	07	31	1.45	12	14	03	26
121.5005	23.7503	2021	07	31	1.69	10.42	20	39	12
121.5677	23.904	2021	07	31	1.65	9.72	21	09	47
121.6045	23.8573	2021	07	31	1.69	24.36	21	36	14
121.655	23.6248	2021	07	31	1.91	41.07	21	49	01
121.4538	23.9125	2021	08	01	3.35	20.23	00	55	18
121.5738	23.8503	2021	08	01	2.36	9.19	09	06	38
121.655	23.9593	2021	08	02	2.25	7.08	07	39	21
121.5483	23.908	2021	08	02	2.8	10.28	22	56	07
121.564	24.0175	2021	08	03	2.53	46.93	05	46	10
121.2632	23.6652	2021	08	03	2.58	9.33	09	14	44
121.5722	23.9183	2021	08	03	2.25	7.08	14	07	15
121.5978	24.0143	2021	08	03	2.91	6.62	14	33	51
121.425	23.8115	2021	08	03	2.04	26.77	17	15	35
121.6177	23.8807	2021	08	03	3.01	38.24	19	38	40
121.5688	23.6222	2021	08	03	2.41	33.85	20	54	51
121.5	23.5495	2021	08	04	2.35	35.54	00	30	06
121.4723	23.9147	2021	08	04	2.46	13.84	05	31	33
121.4643	23.9325	2021	08	04	3.11	17.53	08	03	08
121.6918	24.178	2021	08	04	2.39	47.57	09	35	13
121.571	23.8087	2021	08	04	2.35	23.96	23	12	17
121.6342	23.879	2021	08	05	3.37	5.89	05	12	12
121.603	23.8977	2021	08	05	1.67	11.24	05	16	54
121.6092	23.9437	2021	08	05	1.64	9.15	06	58	10
121.4868	23.5982	2021	08	05	2.22	31.69	07	25	49
121.6232	23.7755	2021	08	05	3.94	38.28	13	08	44
121.686	24.1205	2021	08	05	2.48	44.05	19	40	27
121.4318	23.901	2021	08	05	2.72	20.63	23	25	42
121.6638	23.8887	2021	08	06	2.57	44.8	05	24	12
121.5738	23.8467	2021	08	06	2.2	7.49	06	20	29
121.5917	24.1763	2021	08	07	2.17	20.4	00	44	16
121.6103	24.1408	2021	08	07	1.16	2.4	03	43	04
121.527	23.8333	2021	08	07	2.07	10.44	09	33	48
121.5933	24.0035	2021	08	07	2.68	8.05	14	17	45
121.5843	23.8468	2021	08	07	3.87	5.33	15	28	01
121.3995	23.7443	2021	08	07	2.08	19.64	17	16	18
121.6533	24.0868	2021	08	07	2.45	30.7	18	05	09
121.5323	23.4625	2021	08	07	2.14	37.08	20	56	31
121.5025	23.7825	2021	08	07	1.72	10.57	23	04	37
121.4343	23.8427	2021	08	08	2.04	17.86	00	34	16
121.5365	23.8423	2021	08	08	2.29	9.71	01	50	53
121.7153	24.2595	2021	08	08	2.98	13.42	09	08	43
121.4018	23.7418	2021	08	08	3.69	20.21	10	24	06
121.4708	23.9315	2021	08	08	2.97	16.37	10	30	28
121.5813	23.9232	2021	08	08	3.35	8.89	16	25	02
121.5688	23.923	2021	08	08	1.72	11.44	17	03	07
121.5963	23.9553	2021	08	08	3.04	9.05	18	37	11
121.4755	23.5597	2021	08	08	1.37	33.47	19	08	30
121.5822	23.9192	2021	08	09	2.5	9.87	02	30	54
121.5723	23.8507	2021	08	09	2.17	7.9	04	40	47
121.5805	23.9032	2021	08	09	2.27	15.55	14	49	17
121.4067	23.8035	2021	08	09	2.44	26.5	17	56	18
121.6015	24.0135	2021	08	09	2.25	37.02	21	01	53
121.549	23.7618	2021	08	10	2.28	7.2	04	48	01
121.4832	23.9658	2021	08	10	3.18	19.15	10	51	09
121.4727	23.9355	2021	08	10	2.16	15.67	17	07	51
121.5492	23.79	2021	08	11	2.27	18.06	07	57	05
121.5307	23.8483	2021	08	11	1.28	10.36	12	49	48
121.4475	23.8885	2021	08	12	2.4	18.91	14	34	08
121.6272	23.8527	2021	08	13	4.09	4.04	06	23	17
121.6102	23.8637	2021	08	13	4.03	4.97	06	23	55
121.6523	23.8767	2021	08	13	2.39	6.42	06	25	04
121.6232	23.8603	2021	08	13	3.86	4.34	06	36	51
121.6187	23.8203	2021	08	13	2.47	6.61	07	49	52
121.4898	23.8023	2021	08	13	1.95	9.5	10	37	54
121.63	23.8637	2021	08	13	2.67	4.79	17	38	39
121.5392	23.6287	2021	08	14	2.84	27.39	07	19	50
121.6137	24.1433	2021	08	14	1.13	3.04	09	34	25
121.5952	23.889	2021	08	14	1.03	14.38	14	57	12
121.4713	23.8965	2021	08	15	2.59	15.4	02	31	07
121.536	23.5522	2021	08	15	2.31	30.59	12	54	20
121.6103	24.006	2021	08	15	2.59	9.7	14	39	42
121.414	23.8885	2021	08	16	1.18	19.97	00	54	23
121.57	23.9495	2021	08	16	1.59	10.1	01	26	15
121.4898	23.5718	2021	08	16	1.95	39.94	02	21	13
121.6878	24.2562	2021	08	16	1.89	7.65	03	20	20
121.608	24.1397	2021	08	16	1.76	3.61	03	30	21
121.6115	24.146	2021	08	16	1.99	3.47	03	32	56
121.6375	24.147	2021	08	16	1.07	3.29	03	34	31
121.4307	23.8453	2021	08	16	1.72	17.27	04	57	46
121.528	24.0688	2021	08	16	2.12	22.56	06	27	42
121.4492	23.81	2021	08	16	1.51	10.86	07	07	09
121.7008	24.2332	2021	08	16	1.88	7.35	07	49	46
121.6185	24.1475	2021	08	16	1.32	3.4	08	50	16
121.547	23.8475	2021	08	16	1.34	10.35	09	47	40
121.4147	23.7483	2021	08	16	1.85	23.74	10	36	36
121.462	23.8033	2021	08	16	1.66	10.04	10	46	39
121.4482	23.9017	2021	08	16	1.36	15.03	10	51	16
121.6002	24.1385	2021	08	16	1.89	9.76	14	02	55
121.4252	23.8408	2021	08	16	1.78	18.42	14	17	42
121.3787	24.0615	2021	08	16	2.6	4.63	16	45	44
121.3608	24.0495	2021	08	16	1.4	10.53	16	52	14
121.6708	24.1422	2021	08	16	1.56	11.86	17	41	21
121.3735	24.1365	2021	08	16	1.08	2.92	18	07	54
121.398	23.9442	2021	08	16	1.05	16.21	18	08	02
121.332	24.165	2021	08	16	1.08	13.57	18	09	58
121.3702	24.1467	2021	08	16	1.74	10.89	18	12	40
121.558	23.8528	2021	08	16	1.36	9.98	18	22	49
121.5495	23.7757	2021	08	16	1.4	3.09	23	23	19
121.2907	23.6485	2021	08	17	2.3	4.52	10	00	55
121.5283	24.0958	2021	08	17	3.14	21.23	18	37	05
121.5755	23.854	2021	08	17	2.72	7.34	18	42	44
121.6417	24.0447	2021	08	18	2.58	47.64	04	37	57
121.449	23.8828	2021	08	18	2.35	17.89	18	17	05
121.6282	24.0313	2021	08	18	2.39	8.23	23	07	40
121.6052	24.041	2021	08	18	1.83	6.34	23	08	22
121.621	23.9347	2021	08	19	3.9	6.22	07	46	39
121.629	23.9368	2021	08	19	4.64	6.38	07	50	55
121.6112	23.9515	2021	08	19	2.25	6.82	07	52	53
121.61	23.9403	2021	08	19	3.62	6.8	08	04	23
121.6077	23.9595	2021	08	19	2.29	7.43	15	07	28
121.6262	23.9517	2021	08	19	4.27	7.6	15	12	51
121.6507	23.9605	2021	08	19	2.69	26.66	15	29	33
121.6005	23.9642	2021	08	19	1.06	5.32	15	31	05
121.6063	23.9633	2021	08	19	2.53	8.17	15	34	26
121.6162	23.959	2021	08	19	4.31	4.73	15	34	33
121.4238	23.6868	2021	08	19	1.89	39.51	17	25	25
121.6075	23.963	2021	08	19	2.68	6.38	18	05	38
121.6023	23.9657	2021	08	19	2.91	6.61	18	09	39
121.5992	23.9672	2021	08	19	2.13	6.2	19	25	27
121.4228	23.7507	2021	08	19	2.3	12.85	20	49	00
121.6238	23.6343	2021	08	20	2.4	41.48	21	13	17
121.5998	24.126	2021	08	21	1.4	6.9	03	36	39
121.465	23.938	2021	08	21	2.54	17.56	13	48	22
121.4832	23.7887	2021	08	21	1.59	10.6	13	49	05
121.6565	24.101	2021	08	23	2.37	48.05	05	18	13
121.464	23.934	2021	08	24	3.4	17.61	02	55	20
121.576	23.8468	2021	08	24	2.33	8.64	06	23	03
121.5798	23.7832	2021	08	24	2.82	6.62	10	17	30
121.5662	23.8172	2021	08	25	2.39	27.16	09	27	58
121.6085	23.8657	2021	08	26	3.77	26.26	18	20	28
121.5193	23.8925	2021	08	27	1.95	11.95	03	33	44
121.5925	23.8313	2021	08	27	2.81	23.26	13	23	52
121.5853	23.85	2021	08	27	2.02	21.99	22	51	51
121.602	23.746	2021	08	28	2.48	5.5	12	43	51
121.584	24.1427	2021	08	29	2.42	16.28	06	39	23
121.5262	23.5365	2021	08	29	2.11	34.61	20	48	41
121.5205	24.0515	2021	08	30	3.3	23.32	08	00	12
121.4527	23.9215	2021	08	30	2.7	20.81	18	06	30
121.5685	23.8895	2021	08	30	1.8	22.38	18	39	57
121.4697	23.4958	2021	08	30	2.28	28.06	22	36	12
